News Source,Date/Time,Compound,Positive,Neutral,Negative,Tweet,Tweets Ago
@BBCNews,2017-12-01 22:14:59+00:00,-0.6908,0.0,0.701,0.299,"Saturday's Daily Star: ""Murder on the dancefloor"" #tomorrowspaperstoday #BBCpapers (via @hendopolis) https://t.co/KCpP3eOKrT",1
@BBCNews,2017-12-01 22:14:54+00:00,0.0,0.0,1.0,0.0,"Saturday's Daily Telegraph: ""Trump aide turns informer in Russia case"" #tomorrowspaperstoday #BBCpapers (via‚Ä¶ https://t.co/tO6AJTr0p0",2
@BBCNews,2017-12-01 22:14:54+00:00,0.0,0.0,1.0,0.0,"Saturday's Sun: ""Mega star!"" #tomorrowspaperstoday #BBCpapers (via @hendopolis) https://t.co/Pso8PxvKmW",3
@BBCNews,2017-12-01 22:14:49+00:00,0.0,0.0,1.0,0.0,"Saturday's Daily Mirror: ""The minister for porn"" #tomorrowspaperstoday #BBCpapers (via @hendopolis) https://t.co/tspV9KaKMQ",4
@BBCNews,2017-12-01 22:10:39+00:00,-0.34,0.0,0.745,0.255,Kaspersky Labs: Warning over Russian anti-virus software https://t.co/G1t6ShDKYD,5
@BBCNews,2017-12-01 22:01:08+00:00,0.0,0.0,1.0,0.0,RT @BBCSport: ‚ö°Ô∏è ‚ÄúThe World Cup draw: a very English reaction‚Äù https://t.co/iYCNNnUo2K,6
@BBCNews,2017-12-01 22:00:47+00:00,0.25,0.069,0.931,0.0,"RT @BBCSport: FT AFC Fylde 1-1 Wigan

Both teams are still in the hat and in with a chance of landing a draw against the big boys in the th‚Ä¶",7
@BBCNews,2017-12-01 22:00:43+00:00,0.4404,0.132,0.868,0.0,"RT @BBCSportWales: FT: #CardiffCity 3-1 Norwich 

The Bluebirds close the gap to leaders Wolverhampton Wanderers to just a point thanks to‚Ä¶",8
@BBCNews,2017-12-01 22:00:37+00:00,0.0,0.0,1.0,0.0,"RT @BBCSport: FT Leeds 1-1 Aston Villa 

Henri Lansbury earns #AVFC a point against #LUFC in an even game at Elland Road https://t.co/xYzkq‚Ä¶",9
@BBCNews,2017-12-01 21:52:28+00:00,-0.5994,0.0,0.769,0.231,"Saturday's Daily Mail: ""Tories at war with the police"" #tomorrowspaperstoday #BBCpapers (via @hendopolis) https://t.co/CHBtQEuIsx",10
@BBCNews,2017-12-01 21:52:24+00:00,-0.7906,0.0,0.682,0.318,"Saturday's i weekend: ""Davis threat to quit if deputy PM is fired over porn"" #tomorrowspaperstoday #BBCpapers (via‚Ä¶ https://t.co/Pl2D7PPP5s",11
@BBCNews,2017-12-01 21:52:22+00:00,-0.7351,0.0,0.659,0.341,"Saturday's Financial Times Weekend: ""Flynn pleads guilty to lying over Russian ties"" #tomorrowspaperstoday‚Ä¶ https://t.co/VcLETDikrA",12
@BBCNews,2017-12-01 20:57:57+00:00,0.4588,0.188,0.812,0.0,Prince Harry and Meghan Markle complete first joint public engagement since... their engagement‚Ä¶ https://t.co/2Ohm4KHBSL,13
@BBCNews,2017-12-01 20:57:27+00:00,0.0,0.0,1.0,0.0,Toys R Us prepares to shut 25 stores https://t.co/merUbSymON,14
@BBCNews,2017-12-01 20:53:53+00:00,0.0,0.0,1.0,0.0,RT @bbcweather: What's the #weekend got in store? The forecast for the next 48 hours squeezed into 60 seconds. Get your local detail here h‚Ä¶,15
@BBCNews,2017-12-01 20:06:23+00:00,0.4019,0.139,0.861,0.0,"RT @BBCSteveR: Want to know more about Volgograd, where England play their opening World Cup match next June? It has one of the world's tal‚Ä¶",16
@BBCNews,2017-12-01 20:05:53+00:00,0.0,0.0,1.0,0.0,"RT @BBC_HaveYourSay: ""I will have a 70-mile round trip now"" - the lengths people say they'll have to go to with bank branch closures on the‚Ä¶",17
@BBCNews,2017-12-01 20:02:31+00:00,-0.8074,0.0,0.451,0.549,'Suicide pact' trial: Natasha Gordon found guilty https://t.co/SNUs60mMRt,18
@BBCNews,2017-12-01 19:31:53+00:00,0.4215,0.259,0.741,0.0,"RT @BBCWorld: Artist rescued after not-so-great 'escape'

https://t.co/cKQrURtq69 https://t.co/RvVwXigmkY",19
@BBCNews,2017-12-01 18:37:43+00:00,-0.5267,0.0,0.793,0.207,RT @BBCBusiness: RBS is closing branches. Is your nearest one under threat? https://t.co/qvmDLB6f0W https://t.co/t1AYd5l92u,20
@BBCNews,2017-12-01 17:49:56+00:00,0.0,0.0,1.0,0.0,Supermarkets 'raise the price of Christmas biscuits' https://t.co/QmYmXwu7wQ,21
@BBCNews,2017-12-01 17:29:17+00:00,0.3182,0.108,0.892,0.0,"Any UK offer to deal with Irish border after #Brexit must be acceptable to Ireland, EU's Donald Tusk says‚Ä¶ https://t.co/u4QkhRddYq",22
@BBCNews,2017-12-01 17:27:37+00:00,0.3182,0.247,0.753,0.0,Brexit offer 'must be acceptable to Ireland' https://t.co/GZV3URQgd4,23
@BBCNews,2017-12-01 17:15:34+00:00,0.2263,0.083,0.917,0.0,"Irish PM says he's prepared to ""stand firm"" with EU partners if UK offer ""falls short"" on key #Brexit issues ‚Äì incl‚Ä¶ https://t.co/2S9QEcTg29",24
@BBCNews,2017-12-01 16:52:11+00:00,0.0,0.0,1.0,0.0,SNP MP rebuked for calling Lords 'ermine vermin' https://t.co/orzcbYNMsP,25
@BBCNews,2017-12-01 16:49:53+00:00,0.0,0.0,1.0,0.0,RT @bbclaurak: Apparently in fact the PM herself does NOT have the final Green report,26
@BBCNews,2017-12-01 16:31:25+00:00,0.0,0.0,1.0,0.0,"RT @BBCSport: Fixtures ‚úÖ
Times ‚úÖ
Place ‚úÖ

Plan your 2018 Fifa #WorldCup here üëâ https://t.co/ZP8c002zey #WorldCupDraw #bbcfootball https://t‚Ä¶",27
@BBCNews,2017-12-01 16:31:01+00:00,0.0,0.0,1.0,0.0,RT @bbclaurak: Damian Green now heading back to constituency - understand he has not seen contents of report but the PM now has it - source‚Ä¶,28
@BBCNews,2017-12-01 16:15:29+00:00,0.34,0.179,0.821,0.0,"World Cup draw: England play Belgium, Panama and Tunisia in Group G https://t.co/fCHlqcnS8d",29
@BBCNews,2017-12-01 16:14:25+00:00,0.0,0.0,1.0,0.0,"RT @BBCSport: Here it is - the 2018 Fifa #WorldCupDraw in full.

Live reaction üëâ https://t.co/XhMcEMjVJd

#bbcfootball https://t.co/0VuT9eD‚Ä¶",30
@BBCNews,2017-12-01 16:03:34+00:00,0.0,0.0,1.0,0.0,"RT @BBCSport: Here's how Group G looks for the 2018 Fifa World Cup.

Live reaction üëâ https://t.co/XhMcEMjVJd #WorldCupDraw #bbcfootball htt‚Ä¶",31
@BBCNews,2017-12-01 15:43:39+00:00,0.0,0.0,1.0,0.0,"RT @BBCSport: Group G

üáßüá™ Belgium
üè¥Û†ÅßÛ†Å¢Û†Å•Û†ÅÆÛ†ÅßÛ†Åø England

Follow live:

üì∫ @BBCTwo
üìª @bbc5live
üì± https://t.co/XhMcEMjVJd

#WorldCupDraw #bbcfootball",32
@BBCNews,2017-12-01 15:43:11+00:00,0.6355,0.32,0.68,0.0,"RT @BBC_HaveYourSay: ""I can't stop laughing...this is making fun of our intelligence.""
https://t.co/7wbOXilh34",33
@BBCNews,2017-12-01 15:27:37+00:00,0.0,0.0,1.0,0.0,"RT @BBCSport: The 2018 Fifa #WorldCupDraw is moments away ‚öΩÔ∏è

Follow live coverage üëâ https://t.co/XhMcEMjVJd

Tweet us #bbcfootball https:/‚Ä¶",34
@BBCNews,2017-12-01 15:26:50+00:00,-0.296,0.0,0.82,0.18,"Derby Christmas tree 'exclusion zone' was 'over cautious', council says https://t.co/YbNQiAbICt",35
@BBCNews,2017-12-01 15:01:29+00:00,0.0,0.0,1.0,0.0,"RT @BBCSport: HERE.
WE.
GO!

We're live on @BBCTwo for the #WorldCupDraw!

Watch üëâ https://t.co/XhMcEMjVJd https://t.co/xAHVpUO9ca",36
@BBCNews,2017-12-01 15:00:24+00:00,0.0,0.0,1.0,0.0,"RT @bbclaurak: That could mean nothing, or it could mean everything",37
@BBCNews,2017-12-01 15:00:10+00:00,0.0,0.0,1.0,0.0,"RT @bbclaurak: After allegations this morning and David Davis‚Äô extraordinary intervention, hearing Damian Green is back in Westminster from‚Ä¶",38
@BBCNews,2017-12-01 14:49:10+00:00,0.0,0.0,1.0,0.0,"RT @BBCSport: The stars are arriving at the Kremlin for the #WorldCupDraw!

Our #bbcfootball live page is under way üëâhttps://t.co/XhMcEMjVJ‚Ä¶",39
@BBCNews,2017-12-01 14:23:06+00:00,0.1531,0.119,0.792,0.089,RT @BBCBreaking: Trump's ex-national security adviser Michael Flynn charged with making false statement to FBI in January https://t.co/Zw6t‚Ä¶,40
@BBCNews,2017-12-01 14:09:53+00:00,0.0,0.0,1.0,0.0,RT @bbcweather: Plans for the #weekend? Here's how the weather's looking. Jo https://t.co/iKWJahdKmb,41
@BBCNews,2017-12-01 14:09:23+00:00,0.0,0.0,1.0,0.0,"RT @BBCSport: Pep Guardiola has been asked by the FA to explain his animated post-match discussion with Southampton's Nathan Redmond.

Read‚Ä¶",42
@BBCNews,2017-12-01 13:55:18+00:00,0.0,0.0,1.0,0.0,"RT @bbctms: Here are your timings for tomorrow's day/night Test @TheAdelaideOval. 

On air for Toss at 3am. 
First ball 3.30
Tea 5.30
Dinne‚Ä¶",43
@BBCNews,2017-12-01 13:34:27+00:00,-0.3818,0.0,0.714,0.286,David Davis 'warns No 10 not to sack Damian Green' https://t.co/67YkIfSwDS,44
@BBCNews,2017-12-01 13:22:19+00:00,-0.5411,0.108,0.643,0.249,"RT @BBCSport: Remember the chaos &amp; confusion at the 1982 #WorldCupDraw?

Hopefully none of this today!

Watch: https://t.co/VJvFO6J06M http‚Ä¶",45
@BBCNews,2017-12-01 13:08:02+00:00,0.0,0.0,1.0,0.0,"RT @BBCSport: Three cities have joined Birmingham to contest the right to host the 2022 Commonwealth Games.

Read more: https://t.co/KVtwy0‚Ä¶",46
@BBCNews,2017-12-01 13:00:57+00:00,0.0,0.0,1.0,0.0,London Olympic Stadium taken over by mayor Sadiq Khan https://t.co/s6OK85DGMa,47
@BBCNews,2017-12-01 12:57:56+00:00,0.0,0.0,1.0,0.0,RT @BBC_HaveYourSay: #AskWoody - did the US ambassador's Twitter Q&amp;A get sidetracked by Trump? https://t.co/pi4m0PECqp,48
@BBCNews,2017-12-01 12:33:03+00:00,-0.765,0.094,0.512,0.394,"RT @BBCWorld: Hesitant Europeans - 36%
Contented Europeans - 23%
EU Rejecters - 14%
Frustrated Pro-Europeans - 9%
Austerity Rebels - 9%
Fed‚Ä¶",49
@BBCNews,2017-12-01 12:11:37+00:00,-0.3612,0.0,0.762,0.238,Carl Sargeant funeral taking place in Connah's Quay https://t.co/5fpD12NhvA,50
@BBCNews,2017-12-01 12:11:37+00:00,-0.8176,0.0,0.516,0.484,David Dearlove found guilty of 1968 Paul Booth murder https://t.co/53SUalSqRp,51
@BBCNews,2017-12-01 11:54:14+00:00,0.0,0.0,1.0,0.0,RT @BBCDanielS: Damian Green's response today https://t.co/02ImPFqrIH,52
@BBCNews,2017-12-01 11:18:28+00:00,0.0,0.0,1.0,0.0,Airport appeal reunites toy dog with owner https://t.co/lHSGYwq2nV,53
@BBCNews,2017-12-01 11:15:26+00:00,0.4588,0.15,0.85,0.0,Prince Harry and his fianc√©e Meghan Markle make their first joint official public engagement at #WorldAIDSDay chari‚Ä¶ https://t.co/i6fL7CefeN,54
@BBCNews,2017-12-01 11:08:40+00:00,0.0,0.0,1.0,0.0,"RT @DannyShawBBC: Met Police: ""As is routine, for cases of this nature, the circumstances of information being made public will be looked a‚Ä¶",55
@BBCNews,2017-12-01 11:08:34+00:00,0.0,0.0,1.0,0.0,"RT @DannyShawBBC: Met Police: ""Confidential information gathered during a police inquiry should not be made public.  The appropriate course‚Ä¶",56
@BBCNews,2017-12-01 11:08:27+00:00,0.0,0.0,1.0,0.0,RT @DannyShawBBC: Met Police has also said -  for the first time - that is co-operating with the Cabinet Office inquiry into Mr Green's con‚Ä¶,57
@BBCNews,2017-12-01 11:08:16+00:00,0.0,0.0,1.0,0.0,RT @DannyShawBBC: Scotland Yard is examining allegations former officer Neil Lewis disclosed confidential information about Damian Green's‚Ä¶,58
@BBCNews,2017-12-01 10:55:56+00:00,-0.2732,0.08,0.798,0.122,"RT @bbcthree: 45% of burglaries are committed by heroin and crack users. 
This is the story behind of one of them. #Drugsland https://t.co/‚Ä¶",59
@BBCNews,2017-12-01 10:45:46+00:00,-0.2724,0.0,0.905,0.095,"RT @VictoriaLIVE: ""They're completely worthless to anyone else, but to me they're everything""

Four years ago Victoria Milligan was in a sp‚Ä¶",60
@BBCNews,2017-12-01 10:31:35+00:00,-0.34,0.0,0.789,0.211,Morrisons data leak: Supermarket liable for staff details breach https://t.co/AoG6IsMhs0,61
@BBCNews,2017-12-01 10:24:42+00:00,-0.024,0.093,0.811,0.096,"RT @bbctms: England name 12 for Adelaide Test. 

@craigoverton12 joins the XI who played at the Gabba .

So no place for @masoncrane32 

#a‚Ä¶",62
@BBCNews,2017-12-01 10:11:45+00:00,0.3612,0.102,0.898,0.0,"RT @VictoriaLIVE: ""People with HIV are demonised""

Jo Josh was diagnosed with HIV in 2008, she says false ideas - like it being transmitted‚Ä¶",63
@BBCNews,2017-12-01 10:11:23+00:00,0.0,0.0,1.0,0.0,RT @danroan: Breaking: Newham Council announces it will ‚Äùretire‚Äù from its co-ownership of the London Olympic Stadium &amp; ‚Äúaccepts that its or‚Ä¶,64
@BBCNews,2017-12-01 10:09:10+00:00,0.4847,0.12,0.88,0.0,"RT @VictoriaLIVE: 'All I could think was I can't die my daughter needs me, then a nurse told me I could live to 100.'

Jo was diagnosed wit‚Ä¶",65
@BBCNews,2017-12-01 10:00:33+00:00,0.0,0.0,1.0,0.0,Labour leader calls bankers speculators and gamblers https://t.co/gsaMKWdXEp,66
@BBCNews,2017-12-01 09:48:49+00:00,0.0,0.0,1.0,0.0,RT @VictoriaLIVE: 25 years ago Darren Tunstall left his home and never came back. His mum Ann tells @danclarkneal why she believes he is st‚Ä¶,67
@BBCNews,2017-12-01 09:12:09+00:00,-0.7351,0.0,0.592,0.408,George Michael death: Ambulance staff quizzed over leaked 999 call https://t.co/5CqJlTNu57,68
@BBCNews,2017-12-01 08:30:10+00:00,-0.7845,0.0,0.706,0.294,"RT @bbcdavideades: #bbcBizLive No glittery Xmas here yet...but with warnings that glitter is bad for our environment, should we go out and‚Ä¶",69
@BBCNews,2017-12-01 08:29:48+00:00,0.0,0.0,1.0,0.0,RT @danroan: Sat down with Gareth Southgate here in Moscow last night on the eve of the World Cup draw and asked him if he'd take England r‚Ä¶,70
@BBCNews,2017-12-01 08:00:03+00:00,-0.5829,0.0,0.57,0.43,"Is it really that bad? ü§î

https://t.co/aUAEJu8xI1",71
@BBCNews,2017-12-01 07:56:11+00:00,0.0772,0.126,0.874,0.0,Lily Madigan: I want to be Labour's first transgender MP https://t.co/U7L2yUXenT,72
@BBCNews,2017-12-01 07:37:36+00:00,0.128,0.086,0.914,0.0,"""Thousands"" of thumbnail images of legal pornography on computer seized from Tory MP Damian Green's office https://t.co/TnKWpXmjyM",73
@BBCNews,2017-12-01 07:32:50+00:00,0.0,0.0,1.0,0.0,"Your morning briefing: MP computer porn claims, Brexit border concern, Harry and Meghan‚Äôs first official duty‚Ä¶ https://t.co/x6bj5N3Axm",74
@BBCNews,2017-12-01 07:21:27+00:00,0.5106,0.163,0.837,0.0,"RT @BBCMonitoring: Russian TV is excitedly awaiting today's #WorldCupDraw in Moscow, hosted by Maria Komandnaya and @GaryLineker. President‚Ä¶",75
@BBCNews,2017-12-01 07:13:29+00:00,0.0,0.0,1.0,0.0,RBS to close 259 branches and shed jobs https://t.co/js2JlyAfST,76
@BBCNews,2017-12-01 06:02:10+00:00,0.0,0.0,1.0,0.0,Damian Green computer porn claims: 'Thousands' of images viewed https://t.co/zvOKCr709g,77
@BBCNews,2017-12-01 03:44:14+00:00,0.0,0.0,1.0,0.0,Numbers given extra exam time soaring https://t.co/KAn2bYHsw1,78
@BBCNews,2017-12-01 03:29:57+00:00,0.0,0.0,1.0,0.0,'New dawn' for Scottish private renters https://t.co/zFMu8LDuPT,79
@BBCNews,2017-12-01 03:29:57+00:00,0.7096,0.457,0.543,0.0,Police officers from across Scotland awarded for bravery https://t.co/VsQwCzLaw0,80
@BBCNews,2017-12-01 03:06:35+00:00,-0.34,0.0,0.745,0.255,Grenfell Tower fire: Inquiry 'needs a diverse panel' https://t.co/aGk2kqzPec,81
@BBCNews,2017-12-01 02:52:29+00:00,-0.4588,0.0,0.75,0.25,Hundreds of new drivers banned for mobile phone use https://t.co/ir2GZCqzS1,82
@BBCNews,2017-12-01 02:41:20+00:00,-0.0258,0.215,0.561,0.224,Irish border: Brexit committee says solution doubtful https://t.co/QiM2PmO9zT,83
@BBCNews,2017-12-01 01:38:17+00:00,0.0,0.0,1.0,0.0,Prince Harry and Meghan Markle set for first joint royal visit https://t.co/ZOk938X4uk,84
@BBCNews,2017-12-01 01:34:26+00:00,-0.765,0.0,0.431,0.569,Portsmouth hospital missed lung cancer cases https://t.co/IBgWSBfqO5,85
@BBCNews,2017-11-30 23:00:56+00:00,0.0,0.0,1.0,0.0,"Friday's Daily Mail: ""NHS rations prescriptions"" #tomorrowspaperstoday #BBCpapers (via @BBCHelenaLee) https://t.co/XqBEIj9Og5",86
@BBCNews,2017-11-30 23:00:44+00:00,-0.8316,0.0,0.562,0.438,"Friday's Sun: ""War dogs on death row"" #tomorrowspaperstoday #BBCpapers (via @BBCHelenaLee) https://t.co/rhXHC3X4zV",87
@BBCNews,2017-11-30 22:30:02+00:00,0.6808,0.301,0.699,0.0,"Friday's Times: ""Trump gave us boost in supporters, says far right"" #tomorrowspaperstoday #BBCpapers (via‚Ä¶ https://t.co/0uAulOphfj",88
@BBCNews,2017-11-30 22:30:00+00:00,-0.25,0.0,0.867,0.133,"Friday's Guardian: ""PM joins storm of protest over Trump tweets"" #tomorrowspaperstoday #BBCpapers (via‚Ä¶ https://t.co/mTXw0fczYr",89
@BBCNews,2017-11-30 22:29:58+00:00,-0.5719,0.0,0.748,0.252,"Friday's Daily Telegraph: ""Motorists 'misled' over bridge chaos"" #tomorrowspaperstoday #BBCpapers (via‚Ä¶ https://t.co/P2HjDvFTwF",90
@BBCNews,2017-11-30 22:29:54+00:00,0.0,0.0,1.0,0.0,"Friday's Daily Mirror: ""Not wanted"" #tomorrowspaperstoday #BBCpapers (via @BBCHelenaLee) https://t.co/gmbs4toOxt",91
@BBCNews,2017-11-30 22:28:34+00:00,-0.4391,0.0,0.776,0.224,RT @BBCPolitics: Minister Sam Gyimah 'deeply uncomfortable' with Trump visit https://t.co/oSlAFiA4M9,92
@BBCNews,2017-11-30 22:18:42+00:00,0.0,0.0,1.0,0.0,"Friday's Daily Star: ""Blitzed by thunder snow and lightning"" #tomorrowspaperstoday #BBCpapers (via @BBCHelenaLee) https://t.co/ey8X6Lh8BW",93
@BBCNews,2017-11-30 22:18:39+00:00,0.4019,0.213,0.787,0.0,"Friday's i: ""Special relationship in tatters"" #tomorrowspaperstoday #BBCpapers (via @BBCHelenaLee) https://t.co/wHp65LR87n",94
@BBCNews,2017-11-30 22:18:31+00:00,-0.4019,0.0,0.803,0.197,"Friday's Daily Express: ""Cheese fights heart disease"" #tomorrowspaperstoday #BBCpapers (via @BBCHelenaLee) https://t.co/xqcKdrnGdX",95
@BBCNews,2017-11-30 22:18:29+00:00,0.0,0.0,1.0,0.0,"Friday's Financial Times: ""Corbyn lashes out at big bank 'gamblers and speculators'"" #tomorrowspaperstoday‚Ä¶ https://t.co/yBam03h76l",96
@BBCNews,2017-11-30 22:18:27+00:00,0.3182,0.187,0.813,0.0,"Friday's Metro: ""Twit hits the fan"" #tomorrowspaperstoday #BBCpapers (via @BBCHelenaLee) https://t.co/hImJS69zCJ",97
@BBCNews,2017-11-30 21:59:06+00:00,0.0,0.0,1.0,0.0,"Snow hit parts of the UK on Thursday, and there's more on the way https://t.co/H3QGbsvMtQ https://t.co/umB9iElnNC",98
@BBCNews,2017-11-30 21:08:14+00:00,0.296,0.196,0.804,0.0,Poppi Worthington inquest: Officer admits not being fully trained https://t.co/Sp5t45MaWA,99
@BBCNews,2017-11-30 20:43:47+00:00,0.0,0.0,1.0,0.0,"RT @BBCWorld: White House spokeswoman: ""I don't believe"" Trump knew who Britain First deputy leader Jayda Fransen was when he retweeted her‚Ä¶",100
@CNNbrk,2017-12-01 22:09:11+00:00,-0.9565,0.0,0.475,0.525,"Convicted Bosnian Croat war criminal who said he drank poison in court died of heart failure caused by cyanide, tes‚Ä¶ https://t.co/3Pd3dbQKso",101
@CNNbrk,2017-12-01 22:08:32+00:00,-0.5499,0.0,0.767,0.233,"Suspicious package found at Berlin-area Christmas market contained nails and batteries but no detonator, German pol‚Ä¶ https://t.co/j4zXNl8W3O",102
@CNNbrk,2017-12-01 21:33:31+00:00,0.0,0.0,1.0,0.0,"Jared Kushner is the ""very senior"" Trump team member who told Michael Flynn to contact the Russian ambassador, sour‚Ä¶ https://t.co/aG82KAIaiZ",103
@CNNbrk,2017-12-01 21:31:54+00:00,0.6801,0.275,0.58,0.145,"RT @CNNMoney: Stocks close just slightly lower, recovering from steep drop. Dow's 2.9% weekly gain is best of 2017. https://t.co/A9OlUXl3FI",104
@CNNbrk,2017-12-01 21:18:37+00:00,0.0,0.0,1.0,0.0,President Trump claims on Twitter that reports that Secretary of State Tillerson is on his way out are not true‚Ä¶ https://t.co/s9qObVzrC0,105
@CNNbrk,2017-12-01 18:41:42+00:00,0.7003,0.266,0.734,0.0,"Ex-FBI Director James Comey tweets let ""justice roll down"" shortly after former Trump national security adviser Mic‚Ä¶ https://t.co/Eevjk0KMNs",106
@CNNbrk,2017-12-01 18:15:36+00:00,0.0,0.0,1.0,0.0,German police defuse what they say was an improvised explosive device at a Christmas market on the outskirts of Ber‚Ä¶ https://t.co/GQGslVzmpJ,107
@CNNbrk,2017-12-01 17:49:03+00:00,0.4019,0.124,0.876,0.0,"RT @CNNPolitics: With Sen. Jeff Flake's newly announced support, Senate Republicans have the votes to pass their tax plan https://t.co/ES1I‚Ä¶",108
@CNNbrk,2017-12-01 17:02:46+00:00,-0.6369,0.0,0.766,0.234,"RT @CNNPolitics: Secretary of State Rex Tillerson denies rumors that he plans to resign, calling them ""laughable"" https://t.co/FIASLwZWoz h‚Ä¶",109
@CNNbrk,2017-12-01 16:35:43+00:00,-0.7351,0.0,0.733,0.267,RT @CNNPolitics: JUST IN: Flynn pleads guilty to lying to the FBI about conversations with Russia's ambassador https://t.co/ezgDMhIOI2 http‚Ä¶,110
@CNNbrk,2017-12-01 15:54:44+00:00,0.0,0.0,1.0,0.0,RT @CNNPolitics: Senate Republicans are right on the edge of passing their tax plan https://t.co/APtVyFOg8s https://t.co/gIdixcPwSJ,111
@CNNbrk,2017-12-01 15:31:22+00:00,-0.4215,0.0,0.859,0.141,"RT @CNNPolitics: Michael Flynn will plead guilty to a charge of making false statements, according to court documents https://t.co/LkODzlnp‚Ä¶",112
@CNNbrk,2017-12-01 15:21:24+00:00,0.0,0.0,1.0,0.0,RT @CNNPolitics: Read the court filing charging Michael Flynn https://t.co/7pvE1jksLm https://t.co/xzd6dRhrbC,113
@CNNbrk,2017-12-01 14:24:42+00:00,-0.2023,0.0,0.886,0.114,RT @CNNPolitics: BREAKING: Michael Flynn charged with one count of making a false statement https://t.co/RLacgvfi68 https://t.co/cHuCB6ugxJ,114
@CNNbrk,2017-12-01 13:57:34+00:00,0.4019,0.124,0.876,0.0,RT @CNNPolitics: President Trump will hold a campaign-style rally near Alabama days before the state's special election for US Senate https‚Ä¶,115
@CNNbrk,2017-12-01 13:49:02+00:00,-0.1779,0.0,0.904,0.096,RT @CNNPolitics: Capitol Hill Republicans plan to pass a two-week stopgap bill to avert a government shutdown https://t.co/CovdmpIOrb https‚Ä¶,116
@CNNbrk,2017-12-01 13:14:50+00:00,-0.3182,0.0,0.892,0.108,Pope Francis directly refers to the Rohingya people -- Myanmar's persecuted Muslim minority -- by name for the firs‚Ä¶ https://t.co/0qzGZnKxUf,117
@CNNbrk,2017-12-01 13:11:08+00:00,0.7269,0.264,0.736,0.0,RT @CNNPolitics: The Justice Department is expected to release a report detailing the cost of special counsel Robert Mueller's investigatio‚Ä¶,118
@CNNbrk,2017-12-01 12:33:46+00:00,-0.4767,0.0,0.846,0.154,"RT @CNNPolitics: The White House wanted to publicly shame Secretary of State Rex Tillerson, a source says https://t.co/XfIcuRiGJY https://t‚Ä¶",119
@CNNbrk,2017-12-01 12:18:24+00:00,-0.4588,0.0,0.692,0.308,RT @CNNPolitics: Uncertainty looms over the Senate's tax bill https://t.co/0PQOldn3Uu https://t.co/J4wkOfgX1Y,120
@CNNbrk,2017-12-01 09:29:34+00:00,-0.8074,0.0,0.64,0.36,At least 8 people are dead after Taliban militants attacked a training school in northern Pakistan.‚Ä¶ https://t.co/TvQF64Iuy4,121
@CNNbrk,2017-12-01 09:27:38+00:00,0.2892,0.217,0.644,0.139,US to deport undocumented immigrant found not guilty of murder in the shooting death of Kate Steinle in San Francis‚Ä¶ https://t.co/X9y6cqKMBL,122
@CNNbrk,2017-12-01 06:51:45+00:00,-0.765,0.0,0.752,0.248,Texas fugitive who is accused of killing his girlfriend and had been featured on HLN's 'The Hunt' has been caught a‚Ä¶ https://t.co/neuYFzYgee,123
@CNNbrk,2017-12-01 06:48:34+00:00,0.0,0.0,1.0,0.0,"The world's biggest battery, built in Australia by Tesla CEO Elon Musk, has started delivering power, ahead of his‚Ä¶ https://t.co/69LAspypm3",124
@CNNbrk,2017-12-01 03:14:37+00:00,0.0,0.0,1.0,0.0,"Japan's much-loved Emperor Akihito will step down in 2019, becoming the first Japanese monarch to abdicate in two c‚Ä¶ https://t.co/k4jFeKEpzg",125
@CNNbrk,2017-12-01 01:19:00+00:00,0.0,0.0,1.0,0.0,"The Senate will not vote on the Republican tax reform plan tonight, as GOP leaders grapple with how they can satisf‚Ä¶ https://t.co/AbieB3gN8A",126
@CNNbrk,2017-12-01 00:58:41+00:00,-0.5951,0.095,0.652,0.253,"Jury finds undocumented immigrant charged with the killing of a San Francisco woman not guilty, a case at the cente‚Ä¶ https://t.co/4D8qEKTQrV",127
@CNNbrk,2017-11-30 23:52:27+00:00,-0.6369,0.115,0.649,0.237,The jury has reached a verdict in the trial of an undocumented immigrant charged with the 2015 killing of a San Fra‚Ä¶ https://t.co/uSEMJB9paB,128
@CNNbrk,2017-11-30 22:45:36+00:00,-0.25,0.0,0.857,0.143,"A preliminary magnitude-4.1 earthquake struck near Dover, Delaware, the US Geological Survey reports‚Ä¶ https://t.co/gcYa8PvFXu",129
@CNNbrk,2017-11-30 22:07:42+00:00,0.2023,0.083,0.917,0.0,The Senate GOP tax plan could generate $408 billion in revenue from economic growth but would still add $1 trillion‚Ä¶ https://t.co/hyECAa2TIN,130
@CNNbrk,2017-11-30 21:09:34+00:00,0.8225,0.248,0.752,0.0,"RT @CNNMoney: Dow soars 332 points and closes above 24,000. The 1.4% gain is best since March. Dow, S&amp;P 500 up 8 months in a row. https://t‚Ä¶",131
@CNNbrk,2017-11-30 20:36:56+00:00,0.4019,0.119,0.881,0.0,"RT @CNNPolitics: Acting Health Secretary Eric Hargan says President Trump will donate his 3rd quarter salary to HHS, specifically devoted t‚Ä¶",132
@CNNbrk,2017-11-30 20:06:54+00:00,0.5859,0.255,0.621,0.124,"Jim Nabors, best known for the character of Gomer Pyle on ""The Andy Griffith Show,"" has died, a family friend says.‚Ä¶ https://t.co/525VD1BEJo",133
@CNNbrk,2017-11-30 18:36:42+00:00,0.0,0.0,1.0,0.0,"GOP Texas congressman Joe Barton, who found himself in hot water after a nude photo of him surfaced online, will no‚Ä¶ https://t.co/apULU1G0PO",134
@CNNbrk,2017-11-30 17:21:04+00:00,0.0,0.0,1.0,0.0,RT @CNNPolitics: First on CNN: A Steve Bannon-backed group makes a six-figure ad buy in a last-minute push for Roy Moore https://t.co/PlKwI‚Ä¶,135
@CNNbrk,2017-11-30 16:31:57+00:00,-0.34,0.0,0.876,0.124,House Democratic Leader Nancy Pelosi called on Rep. John Conyers to resign following allegations of sexual harassme‚Ä¶ https://t.co/o2U1CGFthz,136
@CNNbrk,2017-11-30 16:15:02+00:00,0.6705,0.216,0.784,0.0,"Sen. John McCain says he will support the GOP tax plan, a major sign of progress for Republican leaders as the part‚Ä¶ https://t.co/7RVuUDTeLf",137
@CNNbrk,2017-11-30 15:49:59+00:00,0.0,0.0,1.0,0.0,The White House is considering replacing Secretary of State Rex Tillerson with CIA Director Mike Pompeo within mont‚Ä¶ https://t.co/CjUKKz3dsr,138
@CNNbrk,2017-11-30 15:20:24+00:00,0.0516,0.066,0.934,0.0,Producer and entrepreneur Russell Simmons issued an apology and is stepping down from his companies following a sex‚Ä¶ https://t.co/H1PSDERkIb,139
@CNNbrk,2017-11-30 15:08:58+00:00,-0.3612,0.0,0.889,0.111,"RT @CNNPolitics: President Trump responds to Theresa May after being criticized by a spokesperson for the British prime minister: ""We are d‚Ä¶",140
@CNNbrk,2017-11-30 14:55:17+00:00,-0.7003,0.0,0.756,0.244,"RT @CNNPolitics: JUST IN: Rep. John Conyers, a Democratic congressman facing accusations of sexual harassment, is in the hospital, an aide‚Ä¶",141
@CNNbrk,2017-11-30 14:37:08+00:00,0.7351,0.323,0.677,0.0,"RT @CNNMoney: And just like that, Wall Street is celebrating another milestone. https://t.co/Av6R8H0YlP Via @MattEganCNN",142
@CNNbrk,2017-11-30 13:12:47+00:00,0.0,0.0,1.0,0.0,"""And I remember thinking ‚Äì is he going to move his hand?""
An Army veteran tells CNN that Sen. Al Franken inappropri‚Ä¶ https://t.co/AyYYq4zoNc",143
@CNNbrk,2017-11-30 12:37:34+00:00,0.0,0.0,1.0,0.0,"RT @CNNent: Read Matt Lauer's full statement:
https://t.co/YVUeGd2Tgq https://t.co/dqjlSvLjWV",144
@CNNbrk,2017-11-30 12:36:25+00:00,-0.2023,0.156,0.591,0.253,"RT @CNNMoney: Matt Lauer: 'To the people I have hurt, I am truly sorry' https://t.co/aDMm1uQnHo https://t.co/8KNYPxSKuT",145
@CNNbrk,2017-11-30 01:12:24+00:00,0.4939,0.189,0.811,0.0,Exclusive: Jared Kushner met with special counsel investigators as part of the Russia probe earlier this month to d‚Ä¶ https://t.co/sbTVLgdL8v,146
@CNNbrk,2017-11-29 23:32:44+00:00,0.4215,0.118,0.882,0.0,The Senate votes to begin debate on the Republican tax plan. It's a sign that the GOP is making progress toward pas‚Ä¶ https://t.co/iOIARXKbPK,147
@CNNbrk,2017-11-29 21:04:50+00:00,-0.6249,0.0,0.843,0.157,"RT @CNNMoney: Dow climbs 104 points to record high. Nasdaq sinks 1.3%, worst day in 3 months. Target jumps 9%. Netflix off 6%.  https://t.c‚Ä¶",148
@CNNbrk,2017-11-29 20:59:51+00:00,-0.5448,0.0,0.83,0.17,"RT @CNNPolitics: President Donald Trump says the GOP tax plan is not good for wealthy people: ""It's going to cost me a fortune, this thing,‚Ä¶",149
@CNNbrk,2017-11-29 20:59:42+00:00,0.3818,0.101,0.858,0.041,"RT @CNNPolitics: President Donald Trump touts the GOP tax plan in Missouri ahead of the Senate vote: ‚ÄúWith your help, we can usher in a thr‚Ä¶",150
@CNNbrk,2017-11-29 16:20:33+00:00,0.0,0.0,1.0,0.0,"Donald Trump Jr. is expected to meet with House Russia investigators behind closed doors as soon as next week, mult‚Ä¶ https://t.co/zCuFNcf04m",151
@CNNbrk,2017-11-29 13:24:52+00:00,0.0,0.0,1.0,0.0,RT @CNN: President Trump retweets three inflammatory videos from a British far-right account rife with anti-Muslim content https://t.co/BLG‚Ä¶,152
@CNNbrk,2017-11-29 12:12:48+00:00,-0.296,0.0,0.901,0.099,RT @CNN: BREAKING: Matt Lauer has been terminated from NBC News after an employee filed a complaint about ‚Äúinappropriate sexual behavior in‚Ä¶,153
@CNNbrk,2017-11-29 04:50:31+00:00,-0.6908,0.0,0.802,0.198,Tampa police say they will charge a 24-year-old man with four counts of first-degree murder in four shootings in th‚Ä¶ https://t.co/RzyQ3Gw0Lb,154
@CNNbrk,2017-11-29 04:19:28+00:00,0.5859,0.279,0.721,0.0,North Korea says it successfully launched a Hwasong-15 ICBM and claims it can reach all of mainland US‚Ä¶ https://t.co/66PKdY46O7,155
@CNNbrk,2017-11-29 02:48:48+00:00,0.4588,0.185,0.815,0.0,"RT @CNNPolitics: Sen. Tim Scott: ""There are a number of opportunities for our friends on the left to come to the table, but they have said‚Ä¶",156
@CNNbrk,2017-11-29 02:20:27+00:00,0.4019,0.109,0.891,0.0,"RT @CNNPolitics: Sharon Steffan, a single mother from South Carolina: How will the GOP tax bill help other single moms?

Sen. Tim Scott: ‚ÄúY‚Ä¶",157
@CNNbrk,2017-11-29 02:20:20+00:00,0.3818,0.102,0.898,0.0,"RT @CNNPolitics: Sen. Ted Cruz: ""If you're a tax payer this bill benefits you""

Sen. Bernie Sanders: ""Ted, what tax bill were you talking a‚Ä¶",158
@CNNbrk,2017-11-29 02:20:12+00:00,0.0,0.0,1.0,0.0,RT @CNNPolitics: First on CNN: Steve Bannon to campaign with Roy Moore next week https://t.co/PtrWJ7WyU7 https://t.co/Yh0aJAd5vD,159
@CNNbrk,2017-11-28 21:17:10+00:00,0.0,0.0,1.0,0.0,RT @CNNPolitics: President Trump on Sen. Chuck Schumer and Rep. Nancy Pelosi not attending the White House meeting: ‚ÄúThey‚Äôve been all talk‚Ä¶,160
@CNNbrk,2017-11-28 21:17:01+00:00,-0.34,0.0,0.888,0.112,RT @CNNPolitics: Several black caucus members are in talks with Rep. John Conyers to get him to resign https://t.co/WQ7nJf6yfg https://t.co‚Ä¶,161
@CNNbrk,2017-11-28 21:15:40+00:00,0.6369,0.16,0.84,0.0,"RT @CNNMoney: Dow soars 256 points to record high. Market's best day in over 2 months driven by tax plan, Jerome Powell hearing. https://t.‚Ä¶",162
@CNNbrk,2017-11-28 20:18:10+00:00,0.4019,0.109,0.891,0.0,"The Senate Budget Committee has passed the GOP's tax bill, 12-11, in a party line vote. It will now move to the Sen‚Ä¶ https://t.co/A4sQ2o6td8",163
@CNNbrk,2017-11-28 19:05:04+00:00,-0.5574,0.0,0.816,0.184,"North Korea has fired its first ballistic missile in nearly two months, South Korean military says‚Ä¶ https://t.co/69PwZqqhrN",164
@CNNbrk,2017-11-28 18:07:52+00:00,-0.34,0.099,0.702,0.198,Hawaii to revive Cold War-era warning sirens the same week as a new warning comes about North Korea's nuclear missi‚Ä¶ https://t.co/FY3Gm3PpTy,165
@CNNbrk,2017-11-28 16:13:47+00:00,0.0,0.0,1.0,0.0,"Meghan Markle intends to become UK citizen after she marries Prince Harry at Windsor Castle in May, royal family sa‚Ä¶ https://t.co/MuvpGjy28F",166
@CNNbrk,2017-11-28 14:56:47+00:00,0.2023,0.076,0.924,0.0,"Grammy nominations are out: Jay-Z and Bruno Mars top the list with nods for song, album and record of the year. ""De‚Ä¶ https://t.co/6H4NXLkKYi",167
@CNNbrk,2017-11-28 05:38:35+00:00,0.0,0.0,1.0,0.0,Motor Trend magazine names the Alfa Romeo Giulia its Car of the Year https://t.co/DUltak8O1G https://t.co/paShFGLa29,168
@CNNbrk,2017-11-28 01:32:27+00:00,0.0,0.0,1.0,0.0,"RT @CNNPolitics: Roy Moore calls the allegations against him ""false"" and ""malicious,"" and compares them to the Russian election meddling pr‚Ä¶",169
@CNNbrk,2017-11-28 00:05:08+00:00,-0.7096,0.0,0.731,0.269,The crippled US Navy destroyer Fitzgerald was further damaged Sunday as it was loaded onto a transport ship‚Ä¶ https://t.co/ucCvAOhVs1,170
@CNNbrk,2017-11-27 23:55:17+00:00,-0.6486,0.0,0.807,0.193,"Cases of scarlet fever, a common 19th century killer, have risen dramatically in England and East Asia, and investi‚Ä¶ https://t.co/dHBnkQv5dW",171
@CNNbrk,2017-11-27 23:45:30+00:00,0.2023,0.083,0.917,0.0,RT @CNNPolitics: A top State Department official appointed by the Trump administration is leaving the agency after just three months on the‚Ä¶,172
@CNNbrk,2017-11-27 23:36:48+00:00,0.1531,0.071,0.929,0.0,"RT @CNNPolitics: A Russian fighter jet made an ""unsafe"" intercept of a US Navy aircraft while it was flying over the Black Sea https://t.co‚Ä¶",173
@CNNbrk,2017-11-27 23:02:12+00:00,-0.4939,0.098,0.682,0.22,"Poor Americans would lose billions of dollars in federal benefits under Senate GOP tax bill, according to new CBO r‚Ä¶ https://t.co/lpSdfEzFes",174
@CNNbrk,2017-11-27 22:59:05+00:00,-0.1531,0.074,0.826,0.099,"RT @CNNPolitics: The House Judiciary Committee is scheduled to consider two gun bills, including one measure that is a top priority of the‚Ä¶",175
@CNNbrk,2017-11-27 20:25:28+00:00,0.0,0.0,1.0,0.0,RT @CNNPolitics: President Trump made a reference to ‚ÄúPocahontas‚Äù ‚Äî his nickname for Sen. Elizabeth Warren ‚Äî during a White House event hon‚Ä¶,176
@CNNbrk,2017-11-27 18:39:54+00:00,0.0,0.0,1.0,0.0,"RT @CNNPolitics: Sen. Al Franken says he ""cannot speculate"" over whether more women will come forward with allegations against him https://‚Ä¶",177
@CNNbrk,2017-11-27 18:39:38+00:00,0.296,0.154,0.748,0.098,"US charges three Chinese nationals in connection with hacks and alleged theft of intellectual property, US official‚Ä¶ https://t.co/20lSyOiiRI",178
@CNNbrk,2017-11-27 18:29:38+00:00,0.3612,0.116,0.884,0.0,"RT @CNNPolitics: Sen. Al Franken apologizes amid groping allegations: ""I know that I've let a lot of people down"" https://t.co/3fmHsQz0Rp h‚Ä¶",179
@CNNbrk,2017-11-27 17:14:58+00:00,0.0,0.0,1.0,0.0,RT @CNNPolitics: It's a big week for tax reform. Follow here for live updates: https://t.co/Wj2IQHudPd https://t.co/eRHyYw66mW,180
@CNNbrk,2017-11-27 14:36:17+00:00,0.6597,0.205,0.795,0.0,"RT @CNNMoney: Stocks open flat. Amazon celebrates Cyber Monday by rising above $1,200 for the first time. Time soars 9% on sale. https://t.‚Ä¶",181
@CNNbrk,2017-11-27 13:55:05+00:00,-0.1027,0.088,0.808,0.104,"RT @CNNPolitics: The Senate GOP's tax plan would increase the deficit by $1.4 trillion over the next 10 years, the Congressional Budget Off‚Ä¶",182
@CNNbrk,2017-11-27 10:22:05+00:00,0.4019,0.124,0.876,0.0,"Britain‚Äôs Prince Harry and American actor Meghan Markle are engaged and will marry in spring 2018, UK royal househo‚Ä¶ https://t.co/XkKMwlHRxU",183
@CNNbrk,2017-11-27 07:25:24+00:00,-0.6249,0.0,0.796,0.204,"Pope Francis arrives in Myanmar, where the Rohingya crisis will likely be his main focus https://t.co/jlXtYivBm7 https://t.co/SYzUTWyv7b",184
@CNNbrk,2017-11-27 04:48:54+00:00,-0.4939,0.0,0.781,0.219,Pakistan's law minister resigns after protesters clashed with police over amended parliamentary laws they said were‚Ä¶ https://t.co/NXCTApkuUy,185
@CNNbrk,2017-11-27 02:09:30+00:00,0.2023,0.091,0.909,0.0,"RT @CNNPolitics: Former US attorney Preet Bharara says ""there's a substantial likelihood"" that Michael Flynn is in discussions with Robert‚Ä¶",186
@CNNbrk,2017-11-27 00:42:36+00:00,0.0,0.0,1.0,0.0,"A critically needed shipment of food arrived in war-torn Yemen on Sunday, and more aid is on the way.‚Ä¶ https://t.co/lWK23huGYZ",187
@CNNbrk,2017-11-26 21:15:44+00:00,-0.3612,0.0,0.894,0.106,"Sen. Al Franken says in a new interview that he is embarrassed by groping allegations, and will return to work on M‚Ä¶ https://t.co/6anSGaHcub",188
@CNNbrk,2017-11-26 18:41:03+00:00,-0.5719,0.122,0.627,0.251,"Strikes kill at least 57 people in two separate towns in Syria two days before peace talks, UK-based monitoring gro‚Ä¶ https://t.co/FLlgFrJpNe",189
@CNNbrk,2017-11-26 17:49:32+00:00,-0.5423,0.0,0.837,0.163,Rep. John Conyers is stepping down as ranking Democrat on judiciary committee while sexual harassment claims are pr‚Ä¶ https://t.co/5bIghmMge6,190
@CNNbrk,2017-11-26 15:16:27+00:00,-0.25,0.0,0.895,0.105,"About 24,000 people evacuated and flights cancelled as Indonesia's Mt. Agung spews a thick ash cloud over Bali‚Ä¶ https://t.co/9DqSmmplJt",191
@CNNbrk,2017-11-26 14:26:06+00:00,0.7964,0.236,0.764,0.0,"RT @CNNPolitics: Sen. Lindsey Graham on Roy Moore: ""If he wins we get the baggage of him winning and it becomes a story everyday about whet‚Ä¶",192
@CNNbrk,2017-11-26 14:25:12+00:00,-0.6124,0.0,0.722,0.278,"Pakistani paramilitary rangers move against protesters staging Islamabad sit-in after attack on police checkpoint,‚Ä¶ https://t.co/5AaWnG5Tvt",193
@CNNbrk,2017-11-26 14:20:41+00:00,0.6087,0.249,0.751,0.0,"RT @CNNPolitics: GOP Sen. Lindsey Graham: ""I think most Americans want to give Dream Act kids a more certain life"" #CNNSOTU https://t.co/fR‚Ä¶",194
@CNNbrk,2017-11-26 01:16:29+00:00,-0.7003,0.0,0.746,0.254,"Florida boy wanted by police in connection with suspected death of his grandmother is caught near Canadian border,‚Ä¶ https://t.co/zWqQZi19MN",195
@CNNbrk,2017-11-26 00:23:24+00:00,-0.5574,0.0,0.841,0.159,"Longtime actor Rance Howard, father of director Ron Howard, has died at age 89, Ron Howard said in a tweet‚Ä¶ https://t.co/8MrDk0IpGq",196
@CNNbrk,2017-11-25 23:00:10+00:00,-0.3818,0.0,0.874,0.126,A Russian allegedly behind a massive hacking of social networks is at the center of an extradition fight between th‚Ä¶ https://t.co/8YknZEFfT9,197
@CNNbrk,2017-11-25 22:34:31+00:00,0.0,0.0,1.0,0.0,US shoppers spent 17% more online on Black Friday this year than in 2016. In-store foot traffic dipped slightly.‚Ä¶ https://t.co/GSahc01U2J,198
@CNNbrk,2017-11-25 18:07:10+00:00,0.0,0.0,1.0,0.0,Foreign media outlets in Russia now are allowed to be listed as foreign agents https://t.co/uljJTmU5Rx https://t.co/J9XdnIcjSR,199
@CNNbrk,2017-11-25 16:16:56+00:00,0.0,0.0,1.0,0.0,RT @CNNPolitics: The White House defends President Trump's decision to appoint Mick Mulvaney as the acting director of the Consumer Financi‚Ä¶,200
@CBSNews,2017-12-01 22:20:01+00:00,0.0,0.0,1.0,0.0,"JUST IN: Jared Kushner identified as the ""very senior"" Trump transition official who directed Michael Flynn to cont‚Ä¶ https://t.co/7IrdphNBJB",201
@CBSNews,2017-12-01 22:12:01+00:00,-0.296,0.0,0.896,0.104,"NEW: Missing Florida teen Caitlyn Frisina, who ran away with her former high school soccer coach, has been ""located‚Ä¶ https://t.co/en7FjSKLVG",202
@CBSNews,2017-12-01 22:10:37+00:00,-0.296,0.0,0.896,0.104,"""It don't feel right...."" The father of missing 3-year-old Mariah Woods said he doesn't believe his daughter was ab‚Ä¶ https://t.co/yMH3WymAU0",203
@CBSNews,2017-12-01 21:51:05+00:00,0.0,0.0,1.0,0.0,"""This is my senator. She will NOT sell you out to the telecom lobby."" Reddit's front page is being flooded with pos‚Ä¶ https://t.co/BymtBcH0D6",204
@CBSNews,2017-12-01 21:45:02+00:00,0.0,0.0,1.0,0.0,White House hangs massive red bow from the front portico to recognize World AIDS Day https://t.co/C5xZzbngBJ https://t.co/evwOAIpR1V,205
@CBSNews,2017-12-01 21:27:30+00:00,0.4019,0.291,0.603,0.106,"In breaking nondisclosure agreements, accusers face legal risks while helping to start a national discussion about‚Ä¶ https://t.co/G07KtTyxaQ",206
@CBSNews,2017-12-01 21:11:00+00:00,-0.4019,0.177,0.59,0.233,"NEW: Dept. of Justice has filed an arrest warrant for Jose Garcia Zarate, the man acquitted of murder in Kate Stein‚Ä¶ https://t.co/fxrl8ACVc4",207
@CBSNews,2017-12-01 20:52:59+00:00,0.4404,0.246,0.754,0.0,"Federal prosecutors want to seize millions of dollars worth of assets belonging to Martin Shkreli, including a Wu-T‚Ä¶ https://t.co/fjoLWfktFx",208
@CBSNews,2017-12-01 20:30:41+00:00,-0.7574,0.0,0.745,0.255,"Hecklers outside of the courthouse where Michael Flynn pleaded guilty to lying to the FBI yelled, ‚ÄúLock him up! Loc‚Ä¶ https://t.co/PkItnGtUlF",209
@CBSNews,2017-12-01 20:10:01+00:00,0.0,0.0,1.0,0.0,New images taken by a European satellite show levels of air pollution around the world: https://t.co/Bb3Z8XhbhP https://t.co/70qp9eitne,210
@CBSNews,2017-12-01 19:55:01+00:00,-0.2263,0.0,0.899,0.101,Florida State football coach Jimbo Fisher is resigning to take the head coaching job at Texas A&amp;M:‚Ä¶ https://t.co/UaKt3eahCN,211
@CBSNews,2017-12-01 19:45:59+00:00,-0.34,0.0,0.902,0.098,"NOW: Lawyer for Rep. John Conyers speaks as House colleagues call on him to resign; ""he is indicating he has not se‚Ä¶ https://t.co/ZwLiS3stah",212
@CBSNews,2017-12-01 19:40:01+00:00,-0.4939,0.0,0.842,0.158,Indicted ex-Baltimore cop allegedly set up slain officer into discovering cache of heroin he planted during a 2010‚Ä¶ https://t.co/CXwah789cy,213
@CBSNews,2017-12-01 19:25:32+00:00,0.0,0.0,1.0,0.0,Tesla has switched on the world's biggest lithium-ion battery in South Australia. Here's what you need to know. https://t.co/DVAh6tiYkN,214
@CBSNews,2017-12-01 19:06:31+00:00,0.0,0.0,1.0,0.0,Rep. Blake Farenthold is the only sitting House member since 2013 to have used a little-known congressional account‚Ä¶ https://t.co/s7S0Ffwdyu,215
@CBSNews,2017-12-01 18:56:46+00:00,0.0,0.0,1.0,0.0,"""Frankly, virtually every one of my Republican colleagues acknowledges Russian intervention. The one individual tha‚Ä¶ https://t.co/wEuhdbWiJn",216
@CBSNews,2017-12-01 18:55:13+00:00,0.0,0.0,1.0,0.0,"""This investigation is going to continue in its bipartisan fashion and we're going to get the job done,"" Sen. Mark‚Ä¶ https://t.co/51tVZcZ9RM",217
@CBSNews,2017-12-01 18:54:03+00:00,0.4404,0.121,0.879,0.0,"""My hope is that General Flynn will tell everything he knows and tell why he was having these contacts with Russian‚Ä¶ https://t.co/SXErFyBwiK",218
@CBSNews,2017-12-01 18:52:31+00:00,-0.4215,0.0,0.877,0.123,"‚ÄúWe‚Äôve got more facts to¬†gather,‚Äù Sen. Mark Warner says on Michael Flynn's guilty plea. ‚ÄúHow many more figures have‚Ä¶ https://t.co/AlUzsPXFfX",219
@CBSNews,2017-12-01 18:40:01+00:00,-0.9186,0.0,0.536,0.464,"Authorities say they've arrested and charged a man for threatening to kill Rep. John Katko, R-N.Y., and his family‚Ä¶ https://t.co/XGqeYpiaka",220
@CBSNews,2017-12-01 18:25:02+00:00,-0.6369,0.0,0.714,0.286,NCAA slaps Ole Miss football program with a two-year postseason ban and other penalties: https://t.co/qx8mo0Blzz https://t.co/pfkEgWZqj8,221
@CBSNews,2017-12-01 18:10:44+00:00,0.25,0.197,0.682,0.121,"""The frightening thing is this guy was the national security adviser of the United States,"" says Sen. Tim Kaine in‚Ä¶ https://t.co/iciL7JpvDk",222
@CBSNews,2017-12-01 18:02:33+00:00,-0.1942,0.0,0.915,0.085,"@CBSNews MORE: Rep. Blake Farenthold, R-Texas, says in statement that he can neither confirm nor deny 2014 sexual h‚Ä¶ https://t.co/iaTAu52XHX",223
@CBSNews,2017-12-01 18:02:04+00:00,-0.1796,0.084,0.803,0.112,"NEW: ""Flynn‚Äôs lies to the FBI are especially significant because they were made at a time when he was serving as Pr‚Ä¶ https://t.co/SjDB7faURe",224
@CBSNews,2017-12-01 17:58:58+00:00,-0.5423,0.0,0.821,0.179,"NEW: Rep. Blake Farenthold, R-Texas, used taxpayer funds to settle a sexual harassment claim with his communication‚Ä¶ https://t.co/VFKnmgFcat",225
@CBSNews,2017-12-01 17:42:01+00:00,0.0,0.083,0.833,0.083,"NEW: ""Disturbingly, Flynn is the fourth top Trump campaign official to be charged in connection with the Russia inv‚Ä¶ https://t.co/38jqSSqJFz",226
@CBSNews,2017-12-01 17:36:54+00:00,0.3612,0.135,0.865,0.0,"Investigators ""always felt [Michael Flynn] was being advised or encouraged to make those contacts"" with Russians,‚Ä¶ https://t.co/9IMfa5hcDd",227
@CBSNews,2017-12-01 17:31:50+00:00,0.4939,0.144,0.856,0.0,"""One thing that comes out with with this plea agreement is how hyper-focused investigators are on Flynn during the‚Ä¶ https://t.co/xER4fZHysD",228
@CBSNews,2017-12-01 17:27:15+00:00,-0.296,0.0,0.885,0.115,"There is no specific mention of the president in plea deal documents at this point, @PaulaReidCBS reports‚Ä¶ https://t.co/Qbv5WMkXNM",229
@CBSNews,2017-12-01 17:24:15+00:00,0.0,0.0,1.0,0.0,"Michael Flynn is expected to testify that before he met with the Russian ambassador, he personally spoke with the s‚Ä¶ https://t.co/0M2p8ZA2RL",230
@CBSNews,2017-12-01 17:21:08+00:00,0.516,0.256,0.627,0.117,SPECIAL REPORT: Michael Flynn says he is cooperating with special counsel Robert Mueller following his guilty plea‚Ä¶ https://t.co/DPz5XbREqE,231
@CBSNews,2017-12-01 17:14:51+00:00,-0.4471,0.0,0.803,0.197,NEW: U.S. law enforcement officials have long suspected Michael Flynn did not engage with then-Russian Ambassador t‚Ä¶ https://t.co/QqRAMnGsBN,232
@CBSNews,2017-12-01 16:48:21+00:00,-0.7351,0.0,0.754,0.246,"WATCH: Michael Flynn, who just plead guilty to lying to the FBI, is seen leaving the federal courthouse in D.C.‚Ä¶ https://t.co/7QsDys84Nw",233
@CBSNews,2017-12-01 16:45:42+00:00,-0.0516,0.107,0.779,0.115,"""Nothing about the guilty plea or the charge implicates anyone other than Mr. Flynn,"" Trump attorney Ty Cobb says i‚Ä¶ https://t.co/eIXW6jb1mD",234
@CBSNews,2017-12-01 16:37:38+00:00,-0.6369,0.0,0.776,0.224,"NEW: ""It has been extraordinarily painful to endure these many months of false accusations of 'treason' and other o‚Ä¶ https://t.co/qkcLmHms7C",235
@CBSNews,2017-12-01 16:34:08+00:00,-0.7351,0.0,0.744,0.256,U.S. stock market starts to tumble upon news that Michael Flynn has plead guilty to lying to the FBI‚Ä¶ https://t.co/D1Lwy5WL29,236
@CBSNews,2017-12-01 16:20:01+00:00,-0.1027,0.108,0.766,0.126,"JUST IN: Michael Flynn, former national security adviser to Pres. Trump, pleads guilty to making false statements t‚Ä¶ https://t.co/Zzxg3QdcWl",237
@CBSNews,2017-12-01 16:09:54+00:00,0.7003,0.264,0.736,0.0,"Michael Flynn ""will get the benefit of a fair legal process he was unwilling to accord to anybody else,"" Sen. Tim K‚Ä¶ https://t.co/KOyQz32J55",238
@CBSNews,2017-12-01 16:02:04+00:00,-0.4215,0.159,0.616,0.225,"White House says verdict in Kate Steinle case ""underscores the danger to public safety when our Nation fails to enf‚Ä¶ https://t.co/FInX7prw7t",239
@CBSNews,2017-12-01 15:46:32+00:00,-0.34,0.0,0.882,0.118,"Secretary of State Rex Tillerson says the notion that the White House wants him to resign is ""laughable""‚Ä¶ https://t.co/V40N0wrm5b",240
@CBSNews,2017-12-01 15:24:57+00:00,0.0,0.0,1.0,0.0,"WATCH: Michael Flynn arrives at federal courthouse in Washington, D.C., ahead of scheduled appearance; Flynn ignore‚Ä¶ https://t.co/8lrlQGa9EQ",241
@CBSNews,2017-12-01 15:21:33+00:00,0.0,0.0,1.0,0.0,Michael Flynn is the first Trump administration official ‚Äî and the fourth connected to the campaign ‚Äî to be charged‚Ä¶ https://t.co/ADWJ27SrfR,242
@CBSNews,2017-12-01 15:09:22+00:00,-0.4215,0.0,0.851,0.149,"The White House will not be issuing a comment on Michael Flynn‚Äôs reported guilty plea, @jaxalemany reports‚Ä¶ https://t.co/FoBMS8exIn",243
@CBSNews,2017-12-01 15:00:40+00:00,0.4019,0.119,0.881,0.0,LOOK: Michael Flynn's plea document submitted to the court by the special counsel; Flynn is expected to appear in c‚Ä¶ https://t.co/zctO4cm5hw,244
@CBSNews,2017-12-01 14:40:46+00:00,-0.4404,0.077,0.766,0.157,"""This is an incredible, significant development -- one that I think the White House has been fearing and probably p‚Ä¶ https://t.co/HT8FqE3IJS",245
@CBSNews,2017-12-01 14:32:01+00:00,-0.7351,0.0,0.763,0.237,Michael Flynn to plead guilty to lying to FBI; Flynn will appear in a DC federal court for a plea hearing Friday mo‚Ä¶ https://t.co/pl2Shvf8va,246
@CBSNews,2017-12-01 14:29:19+00:00,0.4588,0.225,0.688,0.087,Mike Flynn's attorneys had stopped sharing information with the White House and certain witnesses who were expected‚Ä¶ https://t.co/Gvp3XXMg0r,247
@CBSNews,2017-12-01 14:25:56+00:00,-0.2023,0.0,0.921,0.079,"MORE: Michael Flynn turned himself in to the FBI Friday morning. He was processed, charged, and is now headed to fe‚Ä¶ https://t.co/DwK1CIl3wU",248
@CBSNews,2017-12-01 14:23:05+00:00,-0.4588,0.115,0.641,0.244,"JUST IN: Michael Flynn will plead guilty to a perjury charge, special counsel Robert Mueller's office announces; pl‚Ä¶ https://t.co/IW1zN71ECy",249
@CBSNews,2017-12-01 14:15:02+00:00,0.7269,0.225,0.775,0.0,The opponents in a U.S. Supreme Court Case over an LGBT wedding cake can agree on one thing: It's not about the cak‚Ä¶ https://t.co/RbwY2jCpY8,250
@CBSNews,2017-12-01 14:00:03+00:00,0.1531,0.082,0.918,0.0,"President Trump is using what he calls the ""disgraceful verdict"" in the Kate Steinle trial to justify construction‚Ä¶ https://t.co/43gcoq1vhk",251
@CBSNews,2017-12-01 13:40:02+00:00,0.4588,0.158,0.842,0.0,Report: President Trump has told advisers in recent days that a government shutdown could benefit him politically‚Ä¶ https://t.co/MmDCAhF0Sa,252
@CBSNews,2017-12-01 13:36:16+00:00,-0.4019,0.0,0.87,0.13,A new congressional report finds the Republican tax plan would add $1 trillion to the budget deficit. @BW editor‚Ä¶ https://t.co/ZrMfp22dtQ,253
@CBSNews,2017-12-01 13:27:49+00:00,0.0,0.0,1.0,0.0,"In 2016, @theashleygraham became the first so-called ""plus-size model"" on the cover of Sports Illustrated's swimsui‚Ä¶ https://t.co/mst5YHvsVJ",254
@CBSNews,2017-12-01 13:25:21+00:00,-0.8316,0.0,0.672,0.328,A psychiatrist is arrested -- did she try to brainwash her cousin to kill? @48Hours has the story:‚Ä¶ https://t.co/tE6kBAsZph,255
@CBSNews,2017-12-01 13:20:01+00:00,-0.8126,0.0,0.684,0.316,There are conflicting reports over the status of Paz de la Huerta's rape case against Harvey Weinstein:‚Ä¶ https://t.co/tJCzEdISHX,256
@CBSNews,2017-12-01 13:18:59+00:00,0.296,0.115,0.885,0.0,Sources tell CBS News U.S. diplomatic posts in Muslim-majority countries are on alert this morning. @margbrennan re‚Ä¶ https://t.co/31l4FPLdIY,257
@CBSNews,2017-12-01 13:15:34+00:00,0.0,0.0,1.0,0.0,"‚ÄúIf there‚Äôs going to be a change, it probably needs to happen soon because real things are happening,‚Äù‚Ä¶ https://t.co/Jfx6VyAkaF",258
@CBSNews,2017-12-01 13:11:44+00:00,0.0,0.0,1.0,0.0,‚ÄúOne of the extraordinary things about what‚Äôs happening right now is that they‚Äôre flying the plane while they‚Äôre tr‚Ä¶ https://t.co/PqtGsZZoZK,259
@CBSNews,2017-12-01 13:06:17+00:00,0.0,0.0,1.0,0.0,CBS News chief Washington correspondent and @FaceTheNation  anchor @johndickerson joins @CBSThisMorning to discuss‚Ä¶ https://t.co/oycLmPGZWa,260
@CBSNews,2017-12-01 13:05:07+00:00,0.2382,0.085,0.915,0.0,"Senate Republicans hope to hold a final vote on Friday on their tax overhaul, but they will have to overcome GOP co‚Ä¶ https://t.co/igvZ82v6Ym",261
@CBSNews,2017-12-01 13:00:02+00:00,0.0,0.0,1.0,0.0,"The family of a Florida runaway says they ""wonder"" if the teen was leading a secret life: https://t.co/9ENakM5MTS https://t.co/nfG5yqiY0g",262
@CBSNews,2017-12-01 12:51:43+00:00,0.0,0.0,1.0,0.0,RT @CBSThisMorning: WATCH: Here's 3 things you should know this morning: https://t.co/2KhKXSFeLB,263
@CBSNews,2017-12-01 12:44:24+00:00,0.4588,0.13,0.87,0.0,"The new royal couple is already on the job, just days after revealing their engagement. Prince Harry and his Americ‚Ä¶ https://t.co/wDuqdJkBhZ",264
@CBSNews,2017-12-01 12:41:51+00:00,0.0,0.0,1.0,0.0,"@Jerickaduncan MORE: Paz de la Huerta's lawyer responded to the new reporting, telling CBS News the DA's office has‚Ä¶ https://t.co/DwxlqGZp9Q",265
@CBSNews,2017-12-01 12:40:01+00:00,-0.7269,0.0,0.757,0.243,An inferno that destroyed or damaged nearly two dozen buildings in upstate New York was sparked by a man who appare‚Ä¶ https://t.co/08kTEX31Mg,266
@CBSNews,2017-12-01 12:37:54+00:00,0.4019,0.163,0.739,0.097,"Women in Saudi Arabia are fighting for their freedom, and beginning to get it. @HollyMAWilliams has been on the gro‚Ä¶ https://t.co/nBEes4j0go",267
@CBSNews,2017-12-01 12:34:10+00:00,-0.2263,0.0,0.905,0.095,Police along the East Coast are still searching for a Florida teenager who disappeared with a high school soccer co‚Ä¶ https://t.co/AzoVshyddY,268
@CBSNews,2017-12-01 12:26:21+00:00,0.0,0.0,1.0,0.0,"It‚Äôs rare for the Northeast to be rattled by an earthquake, but it happened on Thursday. @LonnieQuinnTV joins‚Ä¶ https://t.co/nCo9jwF1cf",269
@CBSNews,2017-12-01 12:22:15+00:00,-0.7506,0.078,0.55,0.372,The longest-serving current member of Congress faces growing pressure to resign over sexual harassment claims:‚Ä¶ https://t.co/PrOvuu9PIS,270
@CBSNews,2017-12-01 12:20:05+00:00,-0.0772,0.107,0.769,0.124,A former NBC top executive disputes a report that managers knew about Matt Lauer‚Äôs sexual misconduct:‚Ä¶ https://t.co/NGDp6GituG,271
@CBSNews,2017-12-01 12:20:02+00:00,-0.3612,0.059,0.802,0.139,Russia mulls blocking U.S. media from Moscow lawmakers in retaliation for withdrawal of a Kremlin-funded TV station‚Ä¶ https://t.co/WjryFTXAdf,272
@CBSNews,2017-12-01 12:16:38+00:00,0.0,0.0,1.0,0.0,"""Def Jam"" producer Russell Simmons is stepping down from the companies he founded after a second allegation of sexu‚Ä¶ https://t.co/572aRHey3t",273
@CBSNews,2017-12-01 12:15:50+00:00,0.0,0.0,1.0,0.0,CBS News has learned the Manhattan DA‚Äôs office informed people involved in the case that they are not looking to mo‚Ä¶ https://t.co/VTzMhOcy1h,274
@CBSNews,2017-12-01 12:11:15+00:00,-0.0772,0.154,0.679,0.167,"President Trump calls it ""a travesty of justice"" that a San Francisco jury found a five-times-deported Mexican man‚Ä¶ https://t.co/rOPBtIK6PE",275
@CBSNews,2017-12-01 12:09:50+00:00,0.6124,0.254,0.682,0.064,President Trump may be ready to shake up his national security team. CBS News confirms top White House aides have s‚Ä¶ https://t.co/o13X6JBWGI,276
@CBSNews,2017-12-01 12:08:48+00:00,0.0,0.0,1.0,0.0,Stocks hit an all-time high as the Senate debated the Republican tax bill. The Dow Jones Industrial Average closed‚Ä¶ https://t.co/xo1gXSVFJT,277
@CBSNews,2017-12-01 12:05:40+00:00,-0.34,0.134,0.63,0.235,Senate Republicans are scrambling to save their tax bill after it hit a stumbling block over deficit concerns.‚Ä¶ https://t.co/k28tQPgUHd,278
@CBSNews,2017-12-01 12:00:02+00:00,-0.5994,0.0,0.766,0.234,"The looming departure of Secretary of State Rex Tillerson and the threat from North Korea are ""destabilizing,""‚Ä¶ https://t.co/BXfTBIcKx6",279
@CBSNews,2017-12-01 11:45:01+00:00,0.0,0.0,1.0,0.0,White House chief of staff John Kelly recently signed off on a plan to show U.S. Secretary of State Rex Tillerson t‚Ä¶ https://t.co/i3oY6Lw6ut,280
@CBSNews,2017-12-01 11:40:01+00:00,-0.9451,0.037,0.491,0.472,Japanese court convicts former U.S. Marine of murder and rape charges in death of Okinawa woman and sentences him t‚Ä¶ https://t.co/etKZvS39vE,281
@CBSNews,2017-12-01 11:35:01+00:00,0.3612,0.185,0.815,0.0,".@MoRocca catches up with comedy legend Carol Burnett, ahead on @CBSThisMorning. https://t.co/npKgZeYuNz",282
@CBSNews,2017-12-01 11:25:02+00:00,0.5106,0.148,0.852,0.0,"Japan's much admired Emperor Akihito will abdicate the throne in 2019, the first such departure in about 200 years:‚Ä¶ https://t.co/UM3d1qcwQ7",283
@CBSNews,2017-12-01 11:24:00+00:00,0.0,0.0,1.0,0.0,"RT @CBSThisMorning: COMING UP ON @CBSTHISMORNING:
üîú@JohnDickerson joins us in Studio 57
üîú@petervansant discusses the upcoming @48hours epis‚Ä¶",284
@CBSNews,2017-12-01 11:16:01+00:00,-0.4019,0.0,0.863,0.137,Ahead on @CBSThisMorning: The Republican tax plan hits a snag in the Senate. How deficit concerns could complicate‚Ä¶ https://t.co/YOnJPkutbm,285
@CBSNews,2017-12-01 11:03:07+00:00,-0.128,0.19,0.588,0.222,Long-acting drugs may offer new hope for migraine sufferers https://t.co/FigOSq3VUR https://t.co/aq5lNKxE2D,286
@CBSNews,2017-12-01 10:48:06+00:00,-0.2732,0.0,0.861,0.139,Cops: Kidnap victim found in woods by group searching for Christmas tree https://t.co/ruuATmUvu5 https://t.co/DKKegtNriK,287
@CBSNews,2017-12-01 10:33:05+00:00,0.2023,0.13,0.87,0.0,"Top model Ashley Graham calls the term ""plus-size"" divisive to women https://t.co/Q2WhYD3Yjd https://t.co/Y5pkt48vmt",288
@CBSNews,2017-12-01 10:18:07+00:00,0.2023,0.165,0.714,0.121,"Mariah Woods missing: FBI tests ""items of interest"" in search for N.C. girl, 3 https://t.co/Pghf6YtH6D https://t.co/diABYgXTiD",289
@CBSNews,2017-12-01 10:03:05+00:00,-0.8442,0.0,0.552,0.448,Doctor: Texas girl Sherin Matthews showed signs of abuse before death https://t.co/KnfJMCpJn5,290
@CBSNews,2017-12-01 09:48:05+00:00,0.0,0.0,1.0,0.0,"Florida teen who ran away with soccer coach had boyfriend, police say https://t.co/qtYKLcZS4G https://t.co/kaW0EmzweH",291
@CBSNews,2017-12-01 09:42:06+00:00,-0.4767,0.0,0.721,0.279,Taliban claims deadly attack on research students https://t.co/nWChVnmgxm https://t.co/cOZfF4a2R9,292
@CBSNews,2017-12-01 09:33:06+00:00,-0.2023,0.0,0.859,0.141,Rhode Island parents charged after fentanyl found in deceased infant https://t.co/6QKMW0AIxq https://t.co/SYpJ3YZ8zW,293
@CBSNews,2017-12-01 09:26:05+00:00,-0.9001,0.0,0.421,0.579,"Philly man accused of teen's brutal murder, burning body https://t.co/OW6fG7GeWT https://t.co/OBQkhIveZy",294
@CBSNews,2017-12-01 09:18:08+00:00,-0.5423,0.0,0.759,0.241,Alaska Airlines investigates sexual harassment claim made by ex-Facebook executive https://t.co/JaPeCQR1IH https://t.co/pABAv5Huk6,295
@CBSNews,2017-12-01 09:03:05+00:00,-0.5423,0.0,0.811,0.189,"6,000 drug cases linked to ""rogue chemist"" at Mass. crime lab to be dismissed https://t.co/SqNpjkBspd https://t.co/A9Pwre7hBS",296
@CBSNews,2017-12-01 08:48:05+00:00,-0.765,0.114,0.446,0.441,"Co-workers joked Tampa serial slaying suspect was ""the killer"" before arrest https://t.co/ZR466AmAjl https://t.co/fZBqtMfATs",297
@CBSNews,2017-12-01 08:33:05+00:00,-0.7964,0.0,0.628,0.372,"Teens indicted in shooting death of boy, 6, found in stolen car https://t.co/TOwYfiEuow https://t.co/1wHwttedSn",298
@CBSNews,2017-12-01 08:24:10+00:00,0.0,0.0,1.0,0.0,Japan's emperor to become 1st to abdicate in 200 years https://t.co/7sf3FUxOkG https://t.co/VsozZqjeo4,299
@CBSNews,2017-12-01 08:18:10+00:00,-0.891,0.0,0.509,0.491,"""A horror movie"": Neighbor heard ""terrifying"" screams night of Temple student's murder https://t.co/4yu5ldEnxN https://t.co/FinPp02HuU",300
@FoxNews,2017-12-01 22:20:03+00:00,0.0,0.0,1.0,0.0,Here are the Republican senators to watch on tax reform https://t.co/HDp09V9za3,301
@FoxNews,2017-12-01 22:14:49+00:00,-0.6124,0.111,0.556,0.333,DOJ files arrest warrant for illegal immigrant acquitted in Kate Steinle case https://t.co/41PlQKJuQg,302
@FoxNews,2017-12-01 22:14:36+00:00,-0.836,0.0,0.403,0.597,"Law enforcement errors inflamed Charlottesville violence, report says https://t.co/YRFMlFlI9x",303
@FoxNews,2017-12-01 22:05:39+00:00,-0.6249,0.079,0.605,0.316,"Al Franken under growing pressure to resign as groping claims mount, critics cite double standard - via‚Ä¶ https://t.co/p5fYEiHvoX",304
@FoxNews,2017-12-01 21:58:54+00:00,0.1531,0.169,0.685,0.145,"""Sanctuary cities is an alien smuggler's best friend."" ‚ÄîICE Acting Director Thomas Homan on illegal immigrant who k‚Ä¶ https://t.co/VFwJeA5IGP",305
@FoxNews,2017-12-01 21:52:44+00:00,-0.5719,0.106,0.646,0.247,"""Releasing a public safety threat back into the public: that was just wrong. It was stupid."" ‚ÄîICE Acting Director T‚Ä¶ https://t.co/UkRADrohKv",306
@FoxNews,2017-12-01 21:48:40+00:00,-0.6597,0.0,0.812,0.188,"""He should have been in Mexico, rather than killing this young lady."" ‚ÄîICE Acting Director Thomas Homan on illegal‚Ä¶ https://t.co/ZqfSRaaHq1",307
@FoxNews,2017-12-01 21:41:44+00:00,-0.6124,0.105,0.579,0.316,BREAKING: @TheJusticeDept files arrest warrant for illegal immigrant acquitted in Kate Steinle case https://t.co/QTYU3Ofqlq,308
@FoxNews,2017-12-01 21:40:47+00:00,-0.4404,0.069,0.779,0.152,"""I was sickened by what I heard last night and the verdict. These sanctuary cities gotta be held accountable. This‚Ä¶ https://t.co/KoLj1Jy16L",309
@FoxNews,2017-12-01 21:39:00+00:00,-0.5423,0.0,0.759,0.241,".@farenthold paid $84G sexual harassment settlement with taxpayer money, report says https://t.co/OgoJwpx0MQ",310
@FoxNews,2017-12-01 21:27:44+00:00,0.0,0.0,1.0,0.0,".@SenatorLankford: ""When the @FBI talked to [Michael Flynn] in January he should have given the complete facts. He‚Ä¶ https://t.co/Ky5QDFl34V",311
@FoxNews,2017-12-01 21:13:14+00:00,-0.8519,0.0,0.429,0.571,.@SenTedCruz: Flynn Guilty Plea Is 'Disappointing and Disturbing'  @dailybriefing   https://t.co/3MkpwhV3So,312
@FoxNews,2017-12-01 21:05:30+00:00,0.0,0.0,1.0,0.0,Veteran's son seeking to return father's portraits of other WWII soldiers https://t.co/vIDUOvaD8N https://t.co/ZVD8iu8N1Q,313
@FoxNews,2017-12-01 21:03:44+00:00,-0.1697,0.185,0.587,0.228,".@Ford sues @JohnCena for selling $500,000 GT supercar, violating contract https://t.co/mAKJYIOhCr",314
@FoxNews,2017-12-01 20:50:45+00:00,-0.6249,0.103,0.591,0.305,.@MarkWarner on Flynn's Guilty Plea: It Goes 'Well Beyond' Lying to the @FBI #OutnumberedOT https://t.co/MUrDPFLlg6,315
@FoxNews,2017-12-01 20:47:44+00:00,-0.3818,0.0,0.843,0.157,Shock as @Amazon delivery woman defecates on customer‚Äôs front yard while dropping off package https://t.co/tXGTU3ceow,316
@FoxNews,2017-12-01 20:26:54+00:00,0.0,0.0,1.0,0.0,"JUST IN: Rex Tillerson is not leaving role as Secretary of State, @realDonaldTrump says https://t.co/j6kFI54KT8 https://t.co/9Gdq1FkhPI",317
@FoxNews,2017-12-01 19:55:21+00:00,-0.836,0.0,0.403,0.597,"Law enforcement errors inflamed Charlottesville violence, report says https://t.co/u16mnaNuET",318
@FoxNews,2017-12-01 19:35:03+00:00,0.5248,0.191,0.752,0.057,"Moments ago, @TedCruz told @DanaPerino what he'd like to see happen in the wake of the not guilty verdict in the‚Ä¶ https://t.co/b5wncHAWAs",319
@FoxNews,2017-12-01 19:29:05+00:00,-0.4215,0.0,0.763,0.237,Flynn pleads guilty to false-statements charge in Russia probe https://t.co/p0SmXpxgKy,320
@FoxNews,2017-12-01 19:24:59+00:00,-0.4588,0.152,0.565,0.283,".@tedcruz: ""Today's news was disappointing and disturbing. @GenFlynn has many decades of honorable service defendin‚Ä¶ https://t.co/WBtoQDPKIE",321
@FoxNews,2017-12-01 19:21:17+00:00,0.0,0.0,1.0,0.0,".@tedcruz: ""We're on the verge of major historic tax cuts."" @dailybriefing https://t.co/WjT1NxeKtO",322
@FoxNews,2017-12-01 19:19:06+00:00,0.0,0.0,1.0,0.0,".@tedcruz: ""The Senate should take up and pass Kate's Law."" @dailybriefing https://t.co/MR1x58Xfgk",323
@FoxNews,2017-12-01 19:18:22+00:00,-0.5875,0.109,0.605,0.286,"Last night, @MichelleMalkin slammed the not guilty verdict in the Kate Steinle murder trial. https://t.co/xOwH95IJZj https://t.co/LSDPhfDFfD",324
@FoxNews,2017-12-01 19:14:52+00:00,0.0,0.0,1.0,0.0,"""Our investigation is ongoing and I think what we owe the American people is all the facts."" - Sen. @MarkWarner on‚Ä¶ https://t.co/fLYdC2aMjn",325
@FoxNews,2017-12-01 19:03:57+00:00,0.1779,0.119,0.793,0.088,"""I'm anxious to hear General Flynn's full explanation of his contacts with the Russians. Clearly, he was willing to‚Ä¶ https://t.co/fvNsolgbkB",326
@FoxNews,2017-12-01 19:01:17+00:00,-0.34,0.0,0.902,0.098,"""The one individual that still seems to deny that this is not a major issue is Donald Trump, and I just kind of won‚Ä¶ https://t.co/L61oI1KWXd",327
@FoxNews,2017-12-01 18:58:14+00:00,0.5574,0.159,0.841,0.0,"""This is a story that you can't make it up. It's still remarkable to me..."" - Sen. @MarkWarner on Russia investigat‚Ä¶ https://t.co/i7oO2tMiRL",328
@FoxNews,2017-12-01 18:56:19+00:00,0.0,0.0,1.0,0.0,"""This investigation is going to continue in its bipartisan fashion, and we're going to get the job done."" - Sen.‚Ä¶ https://t.co/YTpikHFTOQ",329
@FoxNews,2017-12-01 18:50:19+00:00,-0.4588,0.0,0.636,0.364,".@prattprattpratt threatens 'potential predator' imposter, warns female fans https://t.co/qufDJl4Fu3",330
@FoxNews,2017-12-01 18:34:25+00:00,0.0,0.0,1.0,0.0,"Former @FBI Director James @Comey tweeted a Bible verse regarding ""justice"" after news that former National Securit‚Ä¶ https://t.co/NkSV5fE0Pv",331
@FoxNews,2017-12-01 18:34:22+00:00,-0.5423,0.0,0.8,0.2,'Facts of Life' star Kim Fields reveals how she overcame the child star curse https://t.co/raxcUbDjS0,332
@FoxNews,2017-12-01 18:26:15+00:00,0.0,0.0,1.0,0.0,".@CortesSteve: ""We are still so far away from collusion and particularly any collusion that is tied directly to‚Ä¶ https://t.co/sAVBpyuMFE",333
@FoxNews,2017-12-01 18:16:17+00:00,-0.0516,0.169,0.649,0.182,Trump lawyer Ty Cobb responds to Mike Flynn guilty plea https://t.co/QLrm6NYyRr https://t.co/J0ioOdPzGU,334
@FoxNews,2017-12-01 18:10:35+00:00,-0.34,0.151,0.625,0.224,Zodiac Killer: Detectives hope DNA will unlock murderer's ID at last - via @CristinaCorbin https://t.co/4OLzbsIkyR,335
@FoxNews,2017-12-01 18:08:39+00:00,-0.5859,0.0,0.758,0.242,Massive New York fire started by amateur bladesmith attempting to imitate History Channel's 'Forged in Fire' https://t.co/pG4KpOJjml,336
@FoxNews,2017-12-01 18:06:49+00:00,-0.4215,0.0,0.781,0.219,James Comey tweets 'justice' Bible verse after Flynn pleads guilty https://t.co/Mn4a5YdOcj,337
@FoxNews,2017-12-01 17:55:36+00:00,0.6036,0.215,0.785,0.0,".@BillHemmer: ""Ty Cobb, the attorney, this past hour said nothing about the guilty plea or the charge implicates an‚Ä¶ https://t.co/XDH6npWV2Q",338
@FoxNews,2017-12-01 17:49:21+00:00,-0.5719,0.0,0.829,0.171,".@LisaMarieBoothe: ""We know that the FBI was dishonest about the documents... Comey testified under oath he was tol‚Ä¶ https://t.co/RtwZU02vco",339
@FoxNews,2017-12-01 17:48:20+00:00,0.0,0.0,1.0,0.0,"Clinton-Lynch tarmac meeting report triggered FBI hunt for leaker, new emails show https://t.co/tG57VQgUVG",340
@FoxNews,2017-12-01 17:47:46+00:00,0.0,0.0,1.0,0.0,.@WaffleHouse customer cooks own meal as staffer sleeps https://t.co/VmphZ7hyR2,341
@FoxNews,2017-12-01 17:40:09+00:00,0.1531,0.127,0.873,0.0,"Last night, @larryelder slammed the verdict in the Kate Steinle trial. https://t.co/rhrTZiyAf0",342
@FoxNews,2017-12-01 17:30:14+00:00,-0.4215,0.0,0.865,0.135,"Moments ago, @RepMaxineWaters tweeted her thoughts in the wake of General Mike Flynn pleading guilty to a single co‚Ä¶ https://t.co/QSGSJmex2m",343
@FoxNews,2017-12-01 17:26:46+00:00,0.0,0.0,1.0,0.0,".@SandraSmithFox: @SenateMajLdr tells @AP ""We have the votes"" for tax bill. https://t.co/E5dthviYcx",344
@FoxNews,2017-12-01 17:26:33+00:00,0.4939,0.198,0.802,0.0,"White House confident they have votes to pass Senate GOP tax plan -@brookefoxnews
https://t.co/VpMg9OHJ1O",345
@FoxNews,2017-12-01 17:22:41+00:00,-0.4215,0.0,0.763,0.237,.@GenFlynn pleads guilty to false-statements charge in Russia probe https://t.co/p0SmXpxgKy,346
@FoxNews,2017-12-01 17:15:07+00:00,-0.5106,0.0,0.784,0.216,Blake Shelton sends message to grieving Quaboag students: I understand how you feel https://t.co/Lnr4jHiq8u,347
@FoxNews,2017-12-01 16:46:01+00:00,-0.4215,0.0,0.741,0.259,Happening Now: Flynn departs court after guilty plea. https://t.co/ZnJfwCwaAu,348
@FoxNews,2017-12-01 16:43:27+00:00,0.4939,0.186,0.814,0.0,"White House confident they have votes to pass Senate GOP tax plan - via @brookefoxnews
https://t.co/VpMg9OHJ1O",349
@FoxNews,2017-12-01 16:42:43+00:00,-0.4215,0.0,0.781,0.219,Michael Flynn pleads guilty to false-statements charge in Russia probe https://t.co/p0SmXpxgKy,350
@FoxNews,2017-12-01 16:37:19+00:00,0.2235,0.118,0.809,0.073,"Moments ago, The @WhiteHouse @PressSec released a statement slamming the not guilty verdict in the Kate Steinle mur‚Ä¶ https://t.co/Q4O3WBTiuz",351
@FoxNews,2017-12-01 16:36:41+00:00,0.4215,0.219,0.781,0.0,".@KenPaxtonTX: ""Thankfully our president is actually doing something about immigration."" https://t.co/N39sqtwudH",352
@FoxNews,2017-12-01 16:32:28+00:00,-0.4215,0.0,0.781,0.219,Michael Flynn pleads guilty to false-statements charge in Russia probe https://t.co/B23XSXamQR,353
@FoxNews,2017-12-01 16:24:23+00:00,-0.3597,0.0,0.872,0.128,".@marykissel: ""This investigation has been ongoing for months and there's been absolutely no evidence turned up of‚Ä¶ https://t.co/1hGPRuAVWt",354
@FoxNews,2017-12-01 16:22:04+00:00,-0.4215,0.0,0.851,0.149,"JUST IN: Michael Flynn pleads guilty to making false statements to the FBI, according to AP https://t.co/iul4g6XWGi",355
@FoxNews,2017-12-01 16:13:00+00:00,-0.1531,0.147,0.667,0.187,News Alert: Michael Flynn tells court he wants to plead guilty. https://t.co/yP8H5iok0a,356
@FoxNews,2017-12-01 16:04:00+00:00,-0.8472,0.0,0.662,0.338,".@marykissel: ""How Michael Flynn's name was leaked to the press... is the only crime other than this perjury that w‚Ä¶ https://t.co/VPjaDgueAr",357
@FoxNews,2017-12-01 15:59:05+00:00,0.0,0.0,1.0,0.0,TUNE IN: Acting @ICEgov Director Thomas Homan joins @TeamCavuto on ‚ÄúYour World‚Äù at 4p ET on Fox News Channel! https://t.co/TQO0t12m7e,358
@FoxNews,2017-12-01 15:57:14+00:00,0.0,0.0,1.0,0.0,Statement from @PressSec on the #KateSteinle Case. https://t.co/nrNCkXk3wD,359
@FoxNews,2017-12-01 15:55:50+00:00,0.4215,0.219,0.781,0.0,".@KenPaxtonTX: ""Thankfully our president is actually doing something about immigration."" https://t.co/3BHAjBYuDN",360
@FoxNews,2017-12-01 15:53:52+00:00,0.0,0.0,1.0,0.0,".@KenPaxtonTX: ""A man was deported 5 times, should've been deported again."" https://t.co/QyZU4Z617A",361
@FoxNews,2017-12-01 15:48:58+00:00,-0.5994,0.0,0.726,0.274,.@Judgenap on Michael Flynn's Guilty Plea: 'Monumental' Reduction of Charges Doesn't Come for Free‚Ä¶ https://t.co/SGMzioHQTq,362
@FoxNews,2017-12-01 15:43:19+00:00,-0.4404,0.0,0.791,0.209,".@mschlapp: ""There was a real personal animosity between @BarackObama and Mike Flynn."" https://t.co/JewWCCXkbK",363
@FoxNews,2017-12-01 15:42:49+00:00,0.0,0.0,1.0,0.0,".@JonathanTurley: ""[@GenFlynn] brought this moment onto himself."" https://t.co/ANUw2fdDt5",364
@FoxNews,2017-12-01 15:35:19+00:00,0.0,0.0,1.0,0.0,'Tis the season to be jolly...Fa-la-la-la-la la-la-la-la!üéÑHere's a look at Christmas trees around the world. https://t.co/K35puQDRmI,365
@FoxNews,2017-12-01 15:23:53+00:00,0.0,0.0,1.0,0.0,Happening Now: Michael Flynn arrives at courthouse. https://t.co/NFWXz5Idvw https://t.co/EZnQ7wNGzp,366
@FoxNews,2017-12-01 15:21:22+00:00,-0.7351,0.0,0.754,0.246,"Moments ago, @KatiePavlich gave her take on the breaking news that Michael Flynn will plead guilty to lying to the‚Ä¶ https://t.co/6fRPPuKicE",367
@FoxNews,2017-12-01 15:15:31+00:00,-0.2732,0.0,0.769,0.231,SOON: @WhiteHouse statement on Michael Flynn charges. https://t.co/ovm8GZgezr,368
@FoxNews,2017-12-01 15:10:19+00:00,0.0,0.0,1.0,0.0,".@KatiePavlich: ""The closest we get to Russia with the Flynn information that we have is that he had conversations‚Ä¶ https://t.co/UBSj7cEvCt",369
@FoxNews,2017-12-01 15:06:23+00:00,0.0,0.0,1.0,0.0,".@mschlapp: ""The Obama Administration was surveilling team Trump and unmasking in hundreds of occasions."" https://t.co/znChAUGIGI",370
@FoxNews,2017-12-01 15:04:52+00:00,-0.296,0.0,0.885,0.115,".@mschlapp: ""This is about @GenFlynn lying about conversations while overseas with a Russian official but it has no‚Ä¶ https://t.co/7Hs307918H",371
@FoxNews,2017-12-01 15:02:04+00:00,-0.7351,0.0,0.659,0.341,.@AP: @GenFlynn to plead guilty to lying to @FBI; Catherine Herridge discusses. https://t.co/NFWXz5qC6W https://t.co/oFHqCDd4wH,372
@FoxNews,2017-12-01 14:59:06+00:00,0.0,0.0,1.0,0.0,".@JudgeNap: ""What did @GenFlynn through his lawyers give to Bob Mueller through his FBI agents to induce Mueller to‚Ä¶ https://t.co/bqMe4LcdWK",373
@FoxNews,2017-12-01 14:55:32+00:00,-0.7351,0.0,0.64,0.36,.@AP: @GenFlynn to plead guilty to lying to @FBI; @JudgeNap discusses. https://t.co/NFWXz5Idvw https://t.co/kmKH4iIvwA,374
@FoxNews,2017-12-01 14:51:42+00:00,0.3818,0.148,0.852,0.0,.@SandraSmithFox: @WhiteHouse: Referring all inquiries about and reactions to GenFlynn to @POTUS's attorney Ty Cobb. https://t.co/hZqEZBS6qR,375
@FoxNews,2017-12-01 14:49:39+00:00,-0.5574,0.0,0.635,0.365,"Michael Flynn charged in Russia investigation, guilty plea expected https://t.co/p0SmXpxgKy",376
@FoxNews,2017-12-01 14:35:53+00:00,-0.7351,0.0,0.563,0.437,.@AP: @GenFlynn to plead guilty to lying to @FBI. https://t.co/93PX0Pr3qF,377
@FoxNews,2017-12-01 14:25:03+00:00,0.2263,0.235,0.609,0.157,"Michael Flynn charged in special counsel's Russia investigation
https://t.co/WCJsgJnacW",378
@FoxNews,2017-12-01 14:18:34+00:00,-0.2023,0.0,0.878,0.122,BREAKING NEWS: @GenFlynn to be charged with making false statements to the @FBI. https://t.co/6vjzDKIng7,379
@FoxNews,2017-12-01 14:13:22+00:00,0.0,0.0,1.0,0.0,".@SeanHannity: ‚ÄúFor almost a decade, those same people you see bashing this tax reduction, this tax reform, are the‚Ä¶ https://t.co/VbbTzxvf77",380
@FoxNews,2017-12-01 14:11:56+00:00,0.2235,0.112,0.818,0.07,"Thomas Homan, Acting Director of @ICEgov, gave a statement in the wake of the not guilty verdict in the‚Ä¶ https://t.co/1tiztPfuad",381
@FoxNews,2017-12-01 14:06:01+00:00,0.0,0.0,1.0,0.0,Matt Lauer to Sandra Bullock in 2009 interview: 'I have seen you naked' https://t.co/7X1rOPWja3,382
@FoxNews,2017-12-01 13:46:38+00:00,0.3818,0.275,0.583,0.142,'Do Not Resuscitate' tattoo causes ER ethical dilemma https://t.co/yFZJ0poD6Y,383
@FoxNews,2017-12-01 13:38:04+00:00,-0.0258,0.067,0.862,0.071,"""@POTUS... has remained committed to not just the memories of Kate and all the other victims but those Angel Moms a‚Ä¶ https://t.co/TBfMnlndOR",384
@FoxNews,2017-12-01 13:29:37+00:00,0.4019,0.172,0.828,0.0,".@dbongino: ""It's been widely reported that [#KateSteinle's] last words were, 'Help me, Dad.'"" https://t.co/VM5mSe161K",385
@FoxNews,2017-12-01 13:26:17+00:00,0.0,0.0,1.0,0.0,Dem Rep. Gutierrez testing waters for potential 2020 presidential run https://t.co/3cnl2ktwZN,386
@FoxNews,2017-12-01 13:18:08+00:00,-0.8442,0.0,0.69,0.31,"Laura Wilkerson, a Texas mother whose son was killed by an illegal immigrant, had a simple question for those who r‚Ä¶ https://t.co/KiFg7ntl4a",387
@FoxNews,2017-12-01 13:17:04+00:00,-0.5423,0.0,0.844,0.156,"Laura Wilkerson: ""I was just sickened by the verdict... I believe that the jury should've heard that he had 7 felon‚Ä¶ https://t.co/w6lzkRwfP0",388
@FoxNews,2017-12-01 13:13:48+00:00,-0.4019,0.0,0.828,0.172,".@SarahFloresDOJ: ""We will prosecute this to the fullest extent available in the law."" https://t.co/EDnx4XHklo",389
@FoxNews,2017-12-01 13:10:06+00:00,-0.7096,0.0,0.718,0.282,".@KellyannePolls: ""The No Sanctuary for Criminals Act basically tells our major sanctuary cities, 'You're not getti‚Ä¶ https://t.co/E5tZflenbk",390
@FoxNews,2017-12-01 13:08:21+00:00,-0.0516,0.098,0.794,0.107,".@KellyannePolls: ""@POTUS... has remained committed to not just the memories of Kate and all the other victims but‚Ä¶ https://t.co/FPT4X1xRQh",391
@FoxNews,2017-12-01 12:50:29+00:00,-0.5267,0.0,0.825,0.175,".@whignewtons: ""These people should be deported. These are criminal aliens who are then returned intentionally into‚Ä¶ https://t.co/C5Wtm6WwxP",392
@FoxNews,2017-12-01 12:47:57+00:00,-0.2732,0.0,0.769,0.231,.@TheJusticeDept considering federal charges for Zarate. https://t.co/Z8Eeg8F5j8 https://t.co/v8NElBb3aw,393
@FoxNews,2017-12-01 12:47:19+00:00,-0.5875,0.099,0.639,0.262,"Moments ago, President @realDonaldTrump once more slammed the not guilty verdict in the Kate Steinle murder trial.‚Ä¶ https://t.co/U1uVMI0tim",394
@FoxNews,2017-12-01 12:47:17+00:00,0.1531,0.11,0.89,0.0,"Trump calls Kate Steinle verdict a ‚Äòtravesty of justice,‚Äô demands border wall- via @brookefoxnews
https://t.co/YXfY5XqTnq",395
@FoxNews,2017-12-01 12:42:30+00:00,0.0,0.0,1.0,0.0,".@FBI probe of ""Antifa ideology"" underway. https://t.co/yv2I1zPEYF",396
@FoxNews,2017-12-01 12:40:53+00:00,-0.8225,0.0,0.691,0.309,Cop taunts would-be killer with lube on way to prison: 'You are going to need a lot of this' https://t.co/4Ie0Me0gUq,397
@FoxNews,2017-12-01 12:28:15+00:00,-0.296,0.0,0.694,0.306,".@KevinJacksonTBS: ""Kaepernick is no Ali."" https://t.co/QUXry0QCUB",398
@FoxNews,2017-12-01 12:26:26+00:00,0.0,0.0,1.0,0.0,"FBI account of Clinton-Lynch tarmac meeting released by watchdog group
https://t.co/YrGAFvCUQI",399
@FoxNews,2017-12-01 12:21:20+00:00,-0.7106,0.103,0.532,0.365,"DOJ weighing federal charges in Kate Steinle murder case, after not guilty verdict - via @JakeBGibson
https://t.co/KyZ5GUeA1X",400
@nytimes,2017-12-01 22:17:04+00:00,-0.4215,0.0,0.763,0.237,Opinion: 10 key takeaways from Michael Flynn‚Äôs guilty plea https://t.co/uKiy1Ouu5b,401
@nytimes,2017-12-01 22:00:22+00:00,0.5574,0.231,0.769,0.0,A last hurrah at the Upright Citizens Brigade's longest-standing and most storied location https://t.co/GvF8Nt6Yz5,402
@nytimes,2017-12-01 21:45:05+00:00,0.0,0.0,1.0,0.0,FIFA has placed the 32 qualified teams for the 2018 World Cup into their first-round groups. Here's our analysis. https://t.co/K2GI0gxp2R,403
@nytimes,2017-12-01 21:30:16+00:00,0.0,0.0,1.0,0.0,"""Everyone else in the family has my husband‚Äôs last name and brown eyes. Even a toddler could tell I was an outsider‚Ä¶ https://t.co/ceJWLtA37j",404
@nytimes,2017-12-01 21:15:14+00:00,0.0,0.0,1.0,0.0,Here are excerpts from Michael Flynn's court documents and what they mean https://t.co/otUIQsHvWf,405
@nytimes,2017-12-01 21:00:23+00:00,0.6486,0.306,0.694,0.0,These apps seek to offer the assurance that they can keep travelers safe https://t.co/gbmECg0mPH,406
@nytimes,2017-12-01 20:50:05+00:00,0.0,0.0,1.0,0.0,"Video of Libya slave-market for African migrants incites international furor. But in Europe, not so much. https://t.co/8IhZh0GaX6",407
@nytimes,2017-12-01 20:40:03+00:00,0.0,0.0,1.0,0.0,What we know about the connections between Trump officials and Russia https://t.co/k3xPP8MTsi,408
@nytimes,2017-12-01 20:30:46+00:00,-0.4939,0.086,0.697,0.217,"Breaking News: Trump denied reports that he was firing Rex Tillerson. ‚ÄúWe work well together,‚Äù he said on Twitter. https://t.co/sr1MmredGx",409
@nytimes,2017-12-01 20:20:12+00:00,0.2732,0.107,0.83,0.063,"Senator Jeff Flake, who had been on the fence, has pledged his support for the tax bill, as have other wavering Rep‚Ä¶ https://t.co/KbA7NjcOZA",410
@nytimes,2017-12-01 20:10:08+00:00,0.1531,0.168,0.693,0.139,James Comey quoted a Bible passage about justice on Twitter just after Michael Flynn pleaded guilty https://t.co/emRNItBPA5,411
@nytimes,2017-12-01 20:00:24+00:00,-0.296,0.0,0.864,0.136,We analyzed the apologies ‚Äî and non-apologies ‚Äî issued by high-profile men accused of sexual misconduct https://t.co/u4AedGplzZ,412
@nytimes,2017-12-01 19:45:10+00:00,-0.0772,0.108,0.769,0.123,"In Bangladesh, Pope Francis asked forgiveness of Rohingya Muslims. He had avoided mentioning them in Myanmar. https://t.co/byeJMC2ynQ",413
@nytimes,2017-12-01 19:30:07+00:00,0.0,0.0,1.0,0.0,These documents raise new questions about what then President-elect Trump knew about Michael Flynn‚Äôs conversations https://t.co/2mJh9u9Z6i,414
@nytimes,2017-12-01 19:15:10+00:00,0.0,0.0,1.0,0.0,"Experience the new Seven Wonders of the World, in 360¬∞ video https://t.co/IlToH6fneC",415
@nytimes,2017-12-01 19:00:21+00:00,-0.7269,0.0,0.711,0.289,"Around the U.S., many fast-growing metropolitan areas are facing a brutal shortage of affordable places to live https://t.co/mM62Qwy5c1",416
@nytimes,2017-12-01 18:45:10+00:00,-0.5423,0.0,0.788,0.212,"As a national conversation about harassment moves forward, journalistic gatekeepers are under the glare https://t.co/kMZ4V9d2cH",417
@nytimes,2017-12-01 18:30:03+00:00,-0.1531,0.0,0.904,0.096,Senate Republicans made major last-minute changes to their bill that brought wavering senators on board https://t.co/4wqC8ma3VO,418
@nytimes,2017-12-01 18:15:13+00:00,-0.34,0.0,0.87,0.13,"Secretary of State Rex Tillerson called reports that the White House wants him to resign ‚Äúlaughable"" https://t.co/WdO2QWkDR1",419
@nytimes,2017-12-01 18:00:15+00:00,-0.3182,0.0,0.892,0.108,A steady voice of moderation will be lost if Trump replaces Rex Tillerson at the State Department with Mike Pompeo https://t.co/7LAOymxynV,420
@nytimes,2017-12-01 17:50:04+00:00,-0.8555,0.0,0.656,0.344,A war criminal‚Äôs apparent suicide in court leaves a tribunal with one last mystery: How did he do it? https://t.co/iVgzqUIoqi,421
@nytimes,2017-12-01 17:40:14+00:00,-0.4019,0.081,0.766,0.153,"RT @NYTObits: Vincent Scully, whose writings on architecture had a decisive influence in the 20th century, has died at 97 https://t.co/VwXB‚Ä¶",422
@nytimes,2017-12-01 17:30:34+00:00,-0.3818,0.085,0.739,0.176,"The police badly mishandled an August white supremacist rally in Charlottesville, Virginia, a review found https://t.co/LFdV2KTtyo",423
@nytimes,2017-12-01 17:16:10+00:00,0.4019,0.137,0.863,0.0,"‚ÄúWe have the votes,‚Äù Mitch McConnell said of the GOP tax bill, promising a Senate vote later today https://t.co/qIJorR6G7K",424
@nytimes,2017-12-01 17:06:37+00:00,-0.7351,0.0,0.744,0.256,"Breaking News: Michael Flynn pleaded guilty to lying to the FBI and is cooperating with the Russia inquiry, bringin‚Ä¶ https://t.co/NfnJUfwaKH",425
@nytimes,2017-12-01 17:03:30+00:00,0.0,0.0,1.0,0.0,Read Michael Flynn's statement https://t.co/BdpebgLyX9,426
@nytimes,2017-12-01 16:45:12+00:00,-0.5267,0.0,0.793,0.207,"Republicans say the $1.5 trillion tax bill pays for itself, but experts disagree https://t.co/kOCK3gRrS3",427
@nytimes,2017-12-01 16:30:13+00:00,-0.7351,0.0,0.721,0.279,Michael Flynn pleaded guilty to lying to the FBI about a conversation with the Russian ambassador last December https://t.co/uqeOdhvPf8,428
@nytimes,2017-12-01 16:15:02+00:00,0.34,0.191,0.72,0.089,What share of people with your income would see a tax cut or increase? Choose an income group to see. https://t.co/OAYzgDMDav,429
@nytimes,2017-12-01 16:00:17+00:00,0.0,0.0,1.0,0.0,Here are the ways that the Senate tax plan differs from the House-passed legislation https://t.co/U5bIB9dVXB,430
@nytimes,2017-12-01 15:45:14+00:00,0.0,0.0,1.0,0.0,Senate leaders say they have 50 votes needed to pass the tax bill https://t.co/3SmqOiU94X,431
@nytimes,2017-12-01 15:31:08+00:00,0.3818,0.133,0.867,0.0,"Elon Musk has turned on the world's biggest battery, capable of powering 30,000 homes in South Australia https://t.co/QSwmmPvyBx",432
@nytimes,2017-12-01 15:15:12+00:00,0.4767,0.154,0.846,0.0,"Trump pressed Senate Republicans over the summer to end the Intelligence Committee's Russia inquiry ""as quickly as‚Ä¶ https://t.co/8HmdKThMFN",433
@nytimes,2017-12-01 15:11:38+00:00,-0.2732,0.0,0.9,0.1,"Here's our Nov. 23 article that reported Michael Flynn had cut off ties with President Trump‚Äôs lawyers, a sign that‚Ä¶ https://t.co/dDJPznIUmq",434
@nytimes,2017-12-01 15:10:37+00:00,-0.2732,0.0,0.741,0.259,See the charges against Michael Flynn https://t.co/cLSK3zkDI5,435
@nytimes,2017-12-01 15:00:49+00:00,0.0,0.0,1.0,0.0,Morning¬†Briefing: Here's what you need to know to start your day https://t.co/i9r6e8XftX https://t.co/Mc4tDjE3Di,436
@nytimes,2017-12-01 14:51:04+00:00,0.0,0.0,1.0,0.0,The 2018 World Cup draw is taking place in Moscow. Live updates: https://t.co/Imt2rtY0Ke,437
@nytimes,2017-12-01 14:49:31+00:00,-0.7906,0.0,0.704,0.296,Correction: Michael Flynn has been charged with lying to the FBI and is expected to plead guilty. He has not entere‚Ä¶ https://t.co/SpTCtwGAul,438
@nytimes,2017-12-01 14:40:03+00:00,-0.93,0.0,0.521,0.479,A former U.S. Marine was sentenced to life in prison for the rape and murder of a 20-year-old Japanese woman https://t.co/NsRblh2ncT,439
@nytimes,2017-12-01 14:33:19+00:00,0.4019,0.153,0.847,0.0,"The plea is the latest indication that Flynn is cooperating with the special counsel's investigation
https://t.co/izjNNdyuhK",440
@nytimes,2017-12-01 14:31:06+00:00,0.4588,0.429,0.571,0.0,Welcome to Pterosaur Park https://t.co/OFeQIitsj5,441
@nytimes,2017-12-01 14:23:37+00:00,-0.5859,0.102,0.636,0.263,"Breaking News: President Trump's ex-national security adviser, Michael Flynn, pleaded guilty to lying to the FBI ab‚Ä¶ https://t.co/femVJfKXM5",442
@nytimes,2017-12-01 14:21:03+00:00,-0.128,0.226,0.511,0.263,When our trusted storytellers are also the abusers https://t.co/laQNxm3E0B,443
@nytimes,2017-12-01 14:11:04+00:00,0.2023,0.096,0.904,0.0,"The Malibu Diner has a speaker playing music outside, which signals to visually impaired regulars that they've arri‚Ä¶ https://t.co/7EuyA85UjK",444
@nytimes,2017-12-01 14:00:27+00:00,-0.9169,0.0,0.482,0.518,"Don Burke, a once-beloved Australian TV figure, has been accused of harassing, assaulting and bullying women https://t.co/fKSasDE6lq",445
@nytimes,2017-12-01 13:50:04+00:00,0.359,0.161,0.839,0.0,"""I don't know what it is we're looking for, but we're more vigilant""  https://t.co/SgYdodgsfP",446
@nytimes,2017-12-01 13:40:05+00:00,0.4215,0.128,0.872,0.0,"Israel Horovitz's son: ""I believe the allegations against my father are true, and I stand behind the women that mad‚Ä¶ https://t.co/vxiH7xIgz0",447
@nytimes,2017-12-01 13:32:03+00:00,0.0,0.0,1.0,0.0,"As Republicans mull changes to their tax plan, the spotlight will focus on several senators with varying concerns https://t.co/tFsPqTZAU8",448
@nytimes,2017-12-01 13:21:03+00:00,0.8074,0.304,0.696,0.0,"An Anglican cleric urged believers to pray for Prince George to find the love ""of a fine young gentleman"" when he g‚Ä¶ https://t.co/nGrURmZwZp",449
@nytimes,2017-12-01 13:10:06+00:00,-0.5106,0.079,0.705,0.216,"The Pentagon will allow the U.S. military to arm itself with older cluster munitions, a weapon banned by 102 countr‚Ä¶ https://t.co/a04Flg91oA",450
@nytimes,2017-12-01 13:00:23+00:00,0.0,0.0,1.0,0.0,Morning¬†Briefing: Here's what you need to know to start your day https://t.co/Wwe03IwD5z https://t.co/sKhPFZlGcO,451
@nytimes,2017-12-01 12:50:08+00:00,0.34,0.191,0.72,0.089,What share of people with your income would see a tax cut or increase? Choose an income group to see. https://t.co/QSZxFXRHAV,452
@nytimes,2017-12-01 12:40:07+00:00,0.0,0.0,1.0,0.0,Jimmy Kimmel lashed out at Roy Moore after the two tangled on Twitter. Late-night roundup: https://t.co/YQiDp4zBch [corrected typo],453
@nytimes,2017-12-01 12:30:24+00:00,0.0,0.0,1.0,0.0,Trump's insistence on a 20% corporate tax rate is slowing negotiations for a final deal in the Senate https://t.co/NBY03HSheX,454
@nytimes,2017-12-01 12:10:05+00:00,0.4767,0.154,0.846,0.0,Trump pressed Senate Republicans over the summer to end the Intelligence Committee‚Äôs Russia inquiry ‚Äúas quickly as‚Ä¶ https://t.co/NcP5rfd64u,455
@nytimes,2017-12-01 12:00:08+00:00,-0.2263,0.0,0.909,0.091,The vote on the Republican tax bill was delayed after a report that the economics were off by a trillion dollars https://t.co/AECXjx79AY,456
@nytimes,2017-12-01 11:45:06+00:00,0.4215,0.128,0.872,0.0,"A preliminary deal between Russia and Egypt is the latest sign of the waning influence of the United States, analys‚Ä¶ https://t.co/tR4QNRV1k0",457
@nytimes,2017-12-01 11:30:25+00:00,0.0,0.0,1.0,0.0,Morning¬†Briefing: Here's what you need to know to start your day https://t.co/5GYktup6se https://t.co/YgHimXEEXp,458
@nytimes,2017-12-01 11:15:07+00:00,-0.93,0.0,0.521,0.479,A former U.S. Marine was sentenced to life in prison for the rape and murder of a 20-year-old Japanese woman https://t.co/xPo80ZDh37,459
@nytimes,2017-12-01 11:00:59+00:00,-0.3182,0.0,0.874,0.126,This baby hippo has spawned a frenzy that has people flying from all over to see her https://t.co/6y2hY3vHDB,460
@nytimes,2017-12-01 10:44:03+00:00,-0.2732,0.0,0.877,0.123,"""Where is the line between culturally appropriate dress and cultural appropriation?"" fashion critic @VVFriedman asks https://t.co/8qZuCMXj0t",461
@nytimes,2017-12-01 10:30:02+00:00,-0.5106,0.0,0.732,0.268,"President Trump's tweets managed to unite Britain, in outrage https://t.co/pDcOsOyEiN",462
@nytimes,2017-12-01 10:15:13+00:00,-0.8591,0.0,0.578,0.422,"Taliban militants disguised as women attacked a university dormitory in Pakistan, killing at least nine people https://t.co/SPLcUcCusW",463
@nytimes,2017-12-01 10:00:15+00:00,-0.4019,0.0,0.886,0.114,"RT @nytimesworld: London‚Äôs mayor, who had a run-in of his own with Trump, said any visit from the president would be unwelcome https://t.co‚Ä¶",464
@nytimes,2017-12-01 09:45:02+00:00,0.6369,0.412,0.588,0.0,The 10 best books of 2017 https://t.co/QOG8IwwrPJ,465
@nytimes,2017-12-01 09:30:20+00:00,0.4939,0.291,0.556,0.154,"Even in his lousiest pictures, Jean-Claude Van Damme is a thing of beauty, a graceful, whirling dynamo‚Ä¶ https://t.co/dUskyeR6PC",466
@nytimes,2017-12-01 09:15:09+00:00,-0.3818,0.0,0.822,0.178,President Trump‚Äôs first big international trade fight could be over solar panels https://t.co/EOe6f6gee0,467
@nytimes,2017-12-01 08:59:03+00:00,-0.296,0.0,0.879,0.121,"RT @PatrickKingsley: After months of speculation about Erdogan‚Äôs involvement in sanctions-busting, a key suspect directly implicated him ye‚Ä¶",468
@nytimes,2017-12-01 08:45:07+00:00,0.4767,0.154,0.846,0.0,Trump pressed Senate Republicans over the summer to end the Intelligence Committee‚Äôs Russia inquiry ‚Äúas quickly as‚Ä¶ https://t.co/hE2jnp2jtI,469
@nytimes,2017-12-01 08:30:10+00:00,-0.7189,0.0,0.7,0.3,"Glitter is not good for the environment, and some people are trying to ban it https://t.co/lEzgX4OuDG",470
@nytimes,2017-12-01 08:15:05+00:00,0.0,0.0,1.0,0.0,"Niger gave the Pentagon permission to fly armed drones there, a major expansion of the military‚Äôs footprint in Afri‚Ä¶ https://t.co/zMarezjBnT",471
@nytimes,2017-12-01 07:59:05+00:00,0.0,0.0,1.0,0.0,RT @peterbakernyt: Replacing Tillerson with Pompeo would bring a sharply different viewpoint to the State Department. @MarkLandler  https:/‚Ä¶,472
@nytimes,2017-12-01 07:45:03+00:00,0.0,0.0,1.0,0.0,A demolition drive by the government has left parts of Beijing in shambles and tens of thousands of migrants homele‚Ä¶ https://t.co/SbF2rNh3Ye,473
@nytimes,2017-12-01 07:30:07+00:00,-0.7602,0.0,0.754,0.246,"RT @nytpolitics: How much did the abuse of women ‚Äî often younger, subordinate or not famous ‚Äî by powerful male journalists factor into the‚Ä¶",474
@nytimes,2017-12-01 07:15:04+00:00,-0.5267,0.0,0.825,0.175,Reza Zarrab testified that Erdogan personally ordered that 2 banks participate in a scheme that violated Iran sanct‚Ä¶ https://t.co/q5tDNDbOMI,475
@nytimes,2017-12-01 06:59:03+00:00,-0.0516,0.188,0.615,0.196,"Myanmar's civilian leader, Aung San Suu Kyi, is getting a warm welcome in China ‚Äì and no criticism over the Rohingy‚Ä¶ https://t.co/Jai7MaOnUL",476
@nytimes,2017-12-01 06:45:06+00:00,0.0,0.0,1.0,0.0,"RT @nytimesworld: The emperor of Japan will step down on April 30, 2019, the first abdication by a Japanese monarch in two centuries https:‚Ä¶",477
@nytimes,2017-12-01 06:30:15+00:00,0.0,0.0,1.0,0.0,"Video of Libya slave-market for African migrants incites international furor. But in Europe, not so much. https://t.co/L50Zn0JF3Q",478
@nytimes,2017-12-01 06:17:01+00:00,0.128,0.098,0.824,0.078,"RT @meslackman: What is it like to be elderly, alone and facing one‚Äôs mortality in Japan?  @onishinyt takes us inside their world. https://‚Ä¶",479
@nytimes,2017-12-01 06:02:04+00:00,0.3818,0.133,0.867,0.0,"Elon Musk has turned on the world‚Äôs biggest battery, capable of powering 30,000 homes in South Australia https://t.co/19ms4QWSag",480
@nytimes,2017-12-01 05:47:07+00:00,-0.3182,0.065,0.804,0.131,Russell Simmons: ‚ÄúI don‚Äôt want to be a distraction so I am removing myself from the businesses that I founded‚Äù https://t.co/pRfP2lfsFG,481
@nytimes,2017-12-01 05:32:02+00:00,0.0,0.0,1.0,0.0,Matt Lauer's ranch purchase is examined in New Zealand https://t.co/XsdoXKQENY,482
@nytimes,2017-12-01 05:17:05+00:00,0.2023,0.107,0.893,0.0,President Trump over the summer repeatedly urged top Senate Republicans to end the Russia investigation https://t.co/2RyxqXjgi5,483
@nytimes,2017-12-01 05:02:07+00:00,0.4939,0.176,0.824,0.0,"The tax plan could reshape major areas of American life, from education to health care https://t.co/1bEc0ZMnJ8",484
@nytimes,2017-12-01 04:47:03+00:00,-0.5256,0.0,0.861,0.139,"RT @nytimesbusiness: ""I'm very disappointed in him."" Outside the ""Today"" studio on Thursday morning, fans of the show reacted to Matt Lauer‚Ä¶",485
@nytimes,2017-12-01 04:32:02+00:00,0.0,0.0,1.0,0.0,National Academy of Sciences called on the U.S. government to make policy changes to bring down drug prices https://t.co/Gcfq3OIuPM,486
@nytimes,2017-12-01 04:17:02+00:00,0.9001,0.481,0.519,0.0,"Solving crossword puzzles is like mental yoga ‚Äî both challenging and relaxing at the same time. Plus, it‚Äôs fun. https://t.co/6VyCKRwHRz",487
@nytimes,2017-12-01 04:02:04+00:00,0.4404,0.132,0.868,0.0,"The NYT obituary for Jim Nabors, who found fame as an amiable bumpkin while pursuing a second career as a singer https://t.co/LetUTct2mg",488
@nytimes,2017-12-01 03:47:05+00:00,-0.7311,0.0,0.722,0.278,"RT @nytopinion: Rex Tillerson may be forced out as secretary state, but his replacement might be worse https://t.co/Y9F8qgZTJu",489
@nytimes,2017-12-01 03:32:02+00:00,0.34,0.191,0.72,0.089,What share of people with your income would see a tax cut or increase? Choose an income group to see. https://t.co/SeI8YwuSLr,490
@nytimes,2017-12-01 03:17:17+00:00,0.0,0.0,1.0,0.0,"Jay-Z sat down with Dean Baquet, the executive editor of The New York Times, for a discussion on race, rap, politic‚Ä¶ https://t.co/1LyZyVdUG6",491
@nytimes,2017-12-01 03:02:05+00:00,0.4588,0.2,0.8,0.0,Argentine Navy signaled that it had given up hope of finding the 44 crew members aboard a submarine https://t.co/4YmCAWQwKb,492
@nytimes,2017-12-01 02:47:01+00:00,0.0,0.0,1.0,0.0,How Elon Musk brought the world‚Äôs biggest battery to rural Australia https://t.co/gKdOE87mWy,493
@nytimes,2017-12-01 02:32:05+00:00,0.0,0.0,1.0,0.0,"RT @jmartNYT: News: Trump has urged multiple senators, including BURR, to wrap up Russia probe

w @maggieNYT @alexburnsNYT &gt;

https://t.co/‚Ä¶",494
@nytimes,2017-12-01 02:17:04+00:00,0.4767,0.154,0.846,0.0,Trump pressed Senate Republicans over the summer to end the Intelligence Committee‚Äôs Russia inquiry ‚Äúas quickly as‚Ä¶ https://t.co/NnKkXN5hPP,495
@nytimes,2017-12-01 02:11:06+00:00,0.0,0.0,1.0,0.0,Evening Briefing: Here's what you need to know at the end of the day https://t.co/tSSFUiNtbR,496
@nytimes,2017-12-01 01:56:58+00:00,0.4824,0.228,0.772,0.0,RT @jakesNYT: SCOOP: Trump Pressed Top Republicans to End Senate Russia Inquiry @jmartNYT @maggieNYT @alexburnsNYT https://t.co/HKZRDtYWSS,497
@nytimes,2017-12-01 01:47:02+00:00,0.0,0.0,1.0,0.0,Paleontologists have uncovered 200 fossilized pterosaur eggs in a 120-million-year old boneyard in China https://t.co/aH8VkU2BEC,498
@nytimes,2017-12-01 01:32:00+00:00,-0.9042,0.0,0.563,0.437,"RT @nytopinion: Mnuchin lied. Trump lied. Cornyn lied. Corker lied ‚Äî lies are the basis of the GOP tax plan, @PaulKrugman says https://t.co‚Ä¶",499
@nytimes,2017-12-01 01:20:23+00:00,-0.5267,0.103,0.67,0.227,An undocumented Mexican immigrant was acquitted in the 2015 killing of a San Francisco woman https://t.co/SB1JlvESsu,500
